/*
SQLyog Community Edition- MySQL GUI v8.12 
MySQL - 5.0.26-community-nt : Database - pms_core
*********************************************************************
*/


/*!40101 SET NAMES utf8 */;

/*!40101 SET SQL_MODE=''*/;

/*!40014 SET @OLD_FOREIGN_KEY_CHECKS=@@FOREIGN_KEY_CHECKS, FOREIGN_KEY_CHECKS=0 */;
/*!40101 SET @OLD_SQL_MODE=@@SQL_MODE, SQL_MODE='NO_AUTO_value_ON_ZERO' */;

CREATE DATABASE /*!32312 IF NOT EXISTS*/`pms_core` /*!40100 DEFAULT CHARACTER SET latin1 */;

USE `pms_core`;

/*Table structure for table `account` */

DROP TABLE IF EXISTS `account`;

CREATE TABLE `account` (
  `id` INT(4) UNSIGNED NOT NULL AUTO_INCREMENT,
  `hotelId` SMALLINT(2) NOT NULL DEFAULT '0',
  `accountNumber` CHAR(3) NOT NULL DEFAULT '0',
  `accountType` CHAR(1) DEFAULT NULL,
  `description` VARCHAR(30) DEFAULT NULL,
  `status` CHAR(1) DEFAULT 'A',
  `creationDate` DATE DEFAULT NULL,
  `createdBy` CHAR(8) DEFAULT '',
  `lastUpdate` DATE DEFAULT NULL,
  `updatedBy` CHAR(8) DEFAULT '',
  PRIMARY KEY  (`id`)
) ENGINE=INNODB DEFAULT CHARSET=latin1 CHECKSUM=1 DELAY_KEY_WRITE=1 ROW_FORMAT=DYNAMIC COMMENT='Hotel Accounting';

/*Data for the table `account` */

/*Table structure for table `catalog` */

DROP TABLE IF EXISTS `module`;

CREATE TABLE `module` (
  `id` INT(4) UNSIGNED NOT NULL AUTO_INCREMENT,
  `description` CHAR(20) DEFAULT NULL,
  `status` CHAR(1) DEFAULT 'A',
  PRIMARY KEY  (`id`)
) ENGINE=INNODB DEFAULT CHARSET=latin1 CHECKSUM=1 DELAY_KEY_WRITE=1 ROW_FORMAT=DYNAMIC COMMENT='System Modules';

/*Data for the table `catalog` */

/*Table structure for table `catalog` */

DROP TABLE IF EXISTS `catalog`;

CREATE TABLE `catalog` (
  `id` INT(4) UNSIGNED NOT NULL AUTO_INCREMENT,
  `catalogCode` SMALLINT(2) DEFAULT NULL,
  `description` CHAR(20) DEFAULT NULL,
  `status` CHAR(1) DEFAULT 'A',
  PRIMARY KEY  (`id`)
) ENGINE=INNODB DEFAULT CHARSET=latin1 CHECKSUM=1 DELAY_KEY_WRITE=1 ROW_FORMAT=DYNAMIC COMMENT='System Catalogs';

/*Data for the table `catalog` */

INSERT  INTO `catalog`(`id`,`catalogCode`,`description`,`status`) VALUES (NULL,1,'Document Types','A'),(NULL,2,'Query Reservations','A'),(NULL,5,'Segments','A'),(NULL,6,'Segment classes','A'),(NULL,3,'Titles','A'),(NULL,4,'VipSatus','A');

/*Table structure for table `catalogitem` */

DROP TABLE IF EXISTS `catalogitem`;

CREATE TABLE `catalogitem` (
  `id` INT(4) UNSIGNED NOT NULL AUTO_INCREMENT,
  `itemId` SMALLINT(2) UNSIGNED NOT NULL,
  `description` CHAR(20) DEFAULT NULL,
  `status` CHAR(1) DEFAULT 'A',
  PRIMARY KEY  (`id`)
) ENGINE=INNODB DEFAULT CHARSET=latin1 CHECKSUM=1 DELAY_KEY_WRITE=1 ROW_FORMAT=DYNAMIC;

/*Data for the table `catalogitem` */

INSERT  INTO `catalogitem`(`id`,`itemId`,`description`,`status`) VALUES (NULL,1,'LAST NAME','A'),(NULL,2,'ARRIVAL','A'),(NULL,3,'DEPARTURE','A'),(NULL,4,'NUMBER','A'),(NULL,1,'DNI','A'),(NULL,2,'PASSPORT','A'),(NULL,5,'CREATION DATE','A'),(NULL,1,'Mr.','A'),(NULL,2,'Mrs.','A'),(NULL,3,'Miss','A'),(NULL,4,'Ms.','A'),(NULL,1,'1','A'),(NULL,2,'2','A'),(NULL,3,'9','A');

/*Table structure for table `city` */

DROP TABLE IF EXISTS `city`;

CREATE TABLE `city` (
  `id` INT(4) UNSIGNED NOT NULL AUTO_INCREMENT,
  `countryId` SMALLINT(3) DEFAULT NULL,
  `description` VARCHAR(30) DEFAULT NULL,
  `abbreviation` VARCHAR(10) DEFAULT NULL,
  `status` CHAR(1) DEFAULT 'A',
  PRIMARY KEY  (`id`)
) ENGINE=INNODB DEFAULT CHARSET=latin1 CHECKSUM=1 DELAY_KEY_WRITE=1 ROW_FORMAT=DYNAMIC COMMENT='Most Important Cities';

/*Data for the table `city` */

/*Table structure for table `country` */

DROP TABLE IF EXISTS `country`;

CREATE TABLE `country` (
  `id` INT(4) UNSIGNED NOT NULL AUTO_INCREMENT,
  `description` CHAR(20) DEFAULT NULL,
  `abbreviation` CHAR(6) DEFAULT NULL,
  `nationality` CHAR(20) DEFAULT NULL,
  PRIMARY KEY  (`id`)
) ENGINE=INNODB DEFAULT CHARSET=latin1 CHECKSUM=1 DELAY_KEY_WRITE=1 ROW_FORMAT=DYNAMIC COMMENT='World Countries';

/*Data for the table `country` */

INSERT  INTO `country`(`id`,`description`,`abbreviation`,`nationality`) VALUES (NULL,'PERU','PERU','PERUVIAN'),(NULL,'BRASIL','BRASIL','BRASILIAN'),(NULL,'SPAIN','SPAIN','SPANISH'),(NULL,'UNITED stateS (USA)','USA','AMERICAN'),(NULL,'CHILE','CHILE','CHILEAN'),(NULL,'Testing','test','N_testing'),(NULL,'Testing','test','N_testing'),(NULL,'Testing','test','N_testing');

/*Table structure for table `customer` */

/*DROP TABLE IF EXISTS `customer`;

CREATE TABLE `customer` (
  `id` INT(4) UNSIGNED NOT NULL AUTO_INCREMENT COMMENT 'Customer code. Assign by System',
  `lastName` VARCHAR(15) NOT NULL DEFAULT '',
  `middleName` VARCHAR(15) DEFAULT NULL,
  `firstName` VARCHAR(15) NOT NULL DEFAULT '',
  `birthdate` DATE DEFAULT NULL,
  `nationality` TINYINT(1) UNSIGNED NOT NULL,
  `title` SMALLINT(2) DEFAULT NULL,
  `documentType` TINYINT(1) UNSIGNED NOT NULL,
  `documentNumber` VARCHAR(12) NOT NULL DEFAULT '' COMMENT 'Document of Identification',
  `address1` VARCHAR(50) NOT NULL DEFAULT '',
  `address2` VARCHAR(50) DEFAULT '',
  `district` VARCHAR(15) DEFAULT '',
  `city` VARCHAR(15) DEFAULT '',
  `countryId` TINYINT(1) UNSIGNED NOT NULL,
  `zipCode` VARCHAR(5) DEFAULT '',
  `phone1` INT(4) UNSIGNED NOT NULL,
  `phone2` INT(4) UNSIGNED DEFAULT NULL,
  `movilPhone` INT(10) UNSIGNED DEFAULT NULL,
  `email` VARCHAR(50) DEFAULT '',
  `occupation` VARCHAR(20) DEFAULT '',
  `vipCode` TINYINT(1) DEFAULT '2',
  `specialRequests` TINYTEXT,
  `registrationHotel` TINYINT(1) UNSIGNED NOT NULL,
  `status` CHAR(1) DEFAULT 'P',
  `createdBy` SMALLINT(2) UNSIGNED NOT NULL,
  `creationDate` DATE NOT NULL,
  `updatedBy` SMALLINT(6) DEFAULT NULL,
  `lastUpdate` DATE DEFAULT NULL,
  PRIMARY KEY  (`id`),
  KEY `idx_documentNumber` (`documentNumber`),
  KEY `idx_lastName` (`lastName`)
) ENGINE=INNODB DEFAULT CHARSET=latin1 AVG_ROW_LENGTH=159 CHECKSUM=1 DELAY_KEY_WRITE=1 ROW_FORMAT=FIXED;*/

/*Data for the table `customer` */

/*Table structure for table `district` */

DROP TABLE IF EXISTS `district`;

CREATE TABLE `district` (
  `id` INT(4) UNSIGNED NOT NULL AUTO_INCREMENT,
  `countryId` TINYINT(2) UNSIGNED DEFAULT NULL,
  `cityId` TINYINT(2) UNSIGNED DEFAULT NULL,
  `description` VARCHAR(30) DEFAULT NULL,
  `zipCode` CHAR(5) DEFAULT NULL,
  `status` CHAR(1) DEFAULT 'A',
  PRIMARY KEY  (`id`)
) ENGINE=INNODB DEFAULT CHARSET=latin1 CHECKSUM=1 DELAY_KEY_WRITE=1 ROW_FORMAT=DYNAMIC COMMENT='Most Important districts';

/*Data for the table `district` */

INSERT  INTO `district`(`id`,`countryId`,`cityId`,`description`,`zipCode`,`status`) VALUES (NULL,1,1,'SAN ISIDRO','L28','1'),(NULL,1,2,'MIRAFLORES','L32','1'),(NULL,1,3,'SANTIAGO DE SURCO','L28','1');

/*Table structure for table `guest` */

DROP TABLE IF EXISTS `guest`;

CREATE TABLE `guest` (
  `id` INT(4) UNSIGNED NOT NULL AUTO_INCREMENT,
  `hotelId` TINYINT(1) UNSIGNED NOT NULL,
  `reservationId` INT(5) UNSIGNED NOT NULL,
  `customerId` INT(5) UNSIGNED NOT NULL COMMENT 'valor invariable en el tiempo',
  `status` CHAR(1) DEFAULT 'P',
  PRIMARY KEY  (`id`)
) ENGINE=INNODB DEFAULT CHARSET=latin1 CHECKSUM=1 DELAY_KEY_WRITE=1 ROW_FORMAT=DYNAMIC COMMENT='Huespedes registrados en reserva';

/*Data for the table `guest` */

INSERT  INTO `guest`(`hotelId`,`reservationId`,`customerId`,`status`) VALUES (1,5141,3,NULL),(1,5140,3,'P'),(1,5147,3,'P'),(1,5145,3,NULL),(1,5146,4,NULL),(1,5147,2,'P'),(1,5147,1,'P'),(1,5148,3,NULL),(1,5148,4,NULL),(1,5149,2,NULL),(1,5150,2,NULL),(1,5152,3,NULL),(1,5153,3,NULL),(1,2547,12,NULL),(1,2540,3,NULL),(1,2543,3,NULL),(1,5147,4,'P'),(1,5211,4,NULL),(1,5211,1,NULL),(1,5211,2,NULL);

/*Table structure for table `holliday` */

DROP TABLE IF EXISTS `holliday`;

CREATE TABLE `holliday` (
  `id` INT(4) UNSIGNED NOT NULL AUTO_INCREMENT,
  `countryId` SMALLINT(6) DEFAULT NULL,
  `holliday` DATE DEFAULT NULL,
  `description` VARCHAR(30) DEFAULT NULL,
  `status` CHAR(1) DEFAULT 'P',
  PRIMARY KEY  (`id`)
) ENGINE=INNODB DEFAULT CHARSET=latin1 CHECKSUM=1 DELAY_KEY_WRITE=1 ROW_FORMAT=DYNAMIC;

/*Data for the table `holliday` */

INSERT  INTO `holliday`(`countryId`,`holliday`,`description`) VALUES (NULL,'0000-00-00','New Years day'),(NULL,'0000-00-00','San Valentine\'s day'),(NULL,'0000-00-00','Job\'s day'),(NULL,'0000-00-00','Indian\'s day'),(NULL,'0000-00-00','Independence day'),(NULL,'0000-00-00','Angamos Combat'),(NULL,'0000-00-00','Santa Rosa\'s day'),(NULL,'0000-00-00','Death\'s day'),(NULL,'0000-00-00','Merry Christmats');

/*Table structure for table `hotel` */

DROP TABLE IF EXISTS `hotel`;

CREATE TABLE `hotel` (
  `id` INT(4) UNSIGNED NOT NULL AUTO_INCREMENT,
  `hotelCode` VARCHAR(4) NOT NULL,
  `description` VARCHAR(50) NOT NULL DEFAULT '',
  `totalRooms` SMALLINT(3) NOT NULL,
  `address` VARCHAR(50) NOT NULL DEFAULT '',
  `district` CHAR(20) NOT NULL DEFAULT '',
  `city` CHAR(20) NOT NULL DEFAULT '',
  `region` CHAR(20) NOT NULL DEFAULT '',
  `state` CHAR(20) NOT NULL DEFAULT '',
  `country` CHAR(20) NOT NULL DEFAULT '',
  `codeArea` CHAR(5) NOT NULL DEFAULT '',
  `codeCity` CHAR(5) NOT NULL DEFAULT '',
  `phoneNumber` VARCHAR(10) NOT NULL DEFAULT '',
  `zipCode` VARCHAR(10) NOT NULL DEFAULT '',
  `status` CHAR(1) NOT NULL DEFAULT '',
  PRIMARY KEY  (`id`)
) ENGINE=INNODB DEFAULT CHARSET=latin1 CHECKSUM=1 DELAY_KEY_WRITE=1 ROW_FORMAT=DYNAMIC COMMENT='Hotel description';

/*Data for the table `hotel` */

INSERT  INTO `hotel`(`hotelCode`,`description`,`totalRooms`,`address`,`district`,`city`,`region`,`state`,`country`,`codeArea`,`codeCity`,`phoneNumber`,`zipCode`,`status`) VALUES (1,'UNIDAD HOTELERA 1',50,'LIMA','LIMA','LIMA','LIMA','COSTA','PERU','00-51','51-1-','','0',''),(2,'UNIDAD HOTELERA 2',100,'ICA','ICA','ICA','ICA','COSTA','PERU','00-56','56-2-','','0','');

/*Table structure for table `occupation` */

DROP TABLE IF EXISTS `occupation`;

CREATE TABLE `occupation` (
  `id` INT(4) UNSIGNED NOT NULL AUTO_INCREMENT,
  `hotelId` TINYINT(1) DEFAULT NULL,
  `roomType` CHAR(2) DEFAULT NULL,
  `occupationDay` DATE DEFAULT NULL,
  `reservationId` SMALLINT(5) UNSIGNED DEFAULT NULL,
  `reservationType` CHAR(1) DEFAULT 'I',
  `quantityRooms` TINYINT(3) DEFAULT '1',
  `roomNumber` CHAR(4) DEFAULT NULL,
  `adults` TINYINT(3) UNSIGNED DEFAULT '1',
  `children` TINYINT(1) UNSIGNED DEFAULT '0',
  `status` CHAR(1) DEFAULT NULL,
  PRIMARY KEY  (`id`)
) ENGINE=INNODB DEFAULT CHARSET=latin1 AVG_ROW_LENGTH=8192 CHECKSUM=1 DELAY_KEY_WRITE=1 ROW_FORMAT=DYNAMIC COMMENT='InnoDB free: 22528 kB';

/*Data for the table `occupation` */

INSERT  INTO `occupation`(`hotelId`,`roomType`,`occupationDay`,`reservationId`,`reservationType`,`quantityRooms`,`roomNumber`,`adults`,`children`,`status`) VALUES (1,'SJ','2007-01-09',2604,'I',1,'0000',1,0,'T'),(1,'SJ','2007-01-08',2604,'I',1,'0000',1,0,'T'),(1,'SJ','2007-01-07',2604,'I',1,'0000',1,0,'T'),(1,'SJ','2007-01-12',2603,'I',1,'0000',1,0,'T'),(1,'SJ','2007-01-11',2603,'I',1,'0000',1,0,'T'),(1,'SJ','2007-01-10',2603,'I',1,'0000',1,0,'T'),(1,'SJ','2007-01-09',2603,'I',1,'0000',1,0,'T'),(1,'SJ','2007-01-08',2603,'I',1,'0000',1,0,'T'),(1,'SJ','2007-01-07',2603,'I',1,'0000',1,0,'T'),(1,'SJ','2007-02-26',2602,'I',1,'0000',2,0,'T'),(1,'SJ','2007-02-25',2602,'I',1,'0000',2,0,'T'),(1,'SJ','2007-02-24',2602,'I',1,'0000',2,0,'T'),(1,'SJ','2007-12-06',2601,'I',1,'0000',1,0,'T'),(1,'SJ','2007-12-21',2600,'I',1,'0000',1,0,'T'),(1,'SJ','2007-12-20',2600,'I',1,'0000',1,0,'T'),(1,'SJ','2007-12-21',2599,'I',1,'0000',1,0,'T'),(1,'SJ','2007-12-20',2599,'I',1,'0000',1,0,'T'),(1,'SJ','2007-12-15',2598,'I',1,'0000',1,0,'T'),(1,'SJ','2007-12-15',2597,'I',1,'0000',1,0,'T'),(1,'SJ','2007-12-12',2596,'I',1,'0000',1,0,'T'),(1,'SJ','2007-12-11',2596,'I',1,'0000',1,0,'T'),(1,'SJ','2007-12-12',2595,'I',1,'0000',1,0,'T'),(1,'SJ','2007-12-11',2595,'I',1,'0000',1,0,'T'),(1,'SJ','2007-12-16',2594,'I',1,'0000',1,0,'T'),(1,'SJ','2007-12-15',2594,'I',1,'0000',1,0,'T'),(1,'SJ','2007-12-14',2594,'I',1,'0000',1,0,'T'),(1,'SJ','2007-12-13',2594,'I',1,'0000',1,0,'T'),(1,'SJ','2007-12-12',2594,'I',1,'0000',1,0,'T'),(1,'SJ','2007-12-11',2594,'I',1,'0000',1,0,'T'),(1,'SJ','2007-12-10',2594,'I',1,'0000',1,0,'T'),(1,'SJ','2007-12-28',2593,'I',1,'0000',2,0,'T'),(1,'SJ','2007-12-27',2593,'I',1,'0000',2,0,'T'),(1,'SJ','2007-01-05',2592,'I',1,'0000',2,0,'T'),(1,'SJ','2007-01-04',2592,'I',1,'0000',2,0,'T'),(1,'SJ','2007-01-03',2592,'I',1,'0000',2,0,'T'),(1,'SJ','2007-01-02',2592,'I',1,'0000',2,0,'T'),(1,'SJ','2007-01-01',2592,'I',1,'0000',2,0,'T'),(1,'SJ','2007-01-05',2591,'I',1,'0000',2,0,'T'),(1,'SJ','2007-01-04',2591,'I',1,'0000',2,0,'T'),(1,'SJ','2007-01-03',2591,'I',1,'0000',2,0,'T'),(1,'SJ','2007-01-02',2591,'I',1,'0000',2,0,'T'),(1,'SJ','2007-01-01',2591,'I',1,'0000',2,0,'T'),(1,'SJ','2007-01-05',2590,'I',1,'0000',1,0,'T'),(1,'SJ','2007-01-04',2590,'I',1,'0000',1,0,'T'),(1,'SJ','2007-01-03',2590,'I',1,'0000',1,0,'T'),(1,'SJ','2007-01-02',2590,'I',1,'0000',1,0,'T'),(1,'SJ','2007-01-01',2590,'I',1,'0000',1,0,'T'),(1,'SJ','2007-01-05',2589,'I',1,'0000',1,0,'T'),(1,'SJ','2007-01-04',2589,'I',1,'0000',1,0,'T'),(1,'SJ','2007-01-03',2589,'I',1,'0000',1,0,'T'),(1,'SJ','2007-01-02',2589,'I',1,'0000',1,0,'T'),(1,'SJ','2007-01-01',2589,'I',1,'0000',1,0,'T'),(1,'SJ','2007-01-05',2588,'I',1,'0000',2,0,'T'),(1,'SJ','2007-01-04',2588,'I',1,'0000',2,0,'T'),(1,'SJ','2007-01-03',2588,'I',1,'0000',2,0,'T'),(1,'SJ','2007-01-02',2588,'I',1,'0000',2,0,'T'),(1,'SJ','2007-01-01',2588,'I',1,'0000',2,0,'T'),(1,'SJ','2007-01-05',2587,'I',1,'0000',2,0,'T'),(1,'SJ','2007-01-04',2587,'I',1,'0000',2,0,'T'),(1,'SJ','2007-01-03',2587,'I',1,'0000',2,0,'T'),(1,'SJ','2007-01-02',2587,'I',1,'0000',2,0,'T'),(1,'SJ','2007-01-01',2587,'I',1,'0000',2,0,'T'),(1,'SJ','2007-01-05',2586,'I',1,'0000',2,0,'T'),(1,'SJ','2007-01-04',2586,'I',1,'0000',2,0,'T'),(1,'SJ','2007-01-03',2586,'I',1,'0000',2,0,'T'),(1,'SJ','2007-01-02',2586,'I',1,'0000',2,0,'T'),(1,'SJ','2007-01-01',2586,'I',1,'0000',2,0,'T'),(1,'SJ','2007-01-05',2585,'I',1,'0000',2,0,'T'),(1,'SJ','2007-01-04',2585,'I',1,'0000',2,0,'T'),(1,'SJ','2007-01-03',2585,'I',1,'0000',2,0,'T'),(1,'SJ','2007-01-02',2585,'I',1,'0000',2,0,'T'),(1,'SJ','2007-01-01',2585,'I',1,'0000',2,0,'T'),(1,'SJ','2007-01-05',2584,'I',1,'0000',2,0,'T'),(1,'SJ','2007-01-04',2584,'I',1,'0000',2,0,'T'),(1,'SJ','2007-01-03',2584,'I',1,'0000',2,0,'T'),(1,'SJ','2007-01-02',2584,'I',1,'0000',2,0,'T'),(1,'SJ','2007-01-01',2584,'I',1,'0000',2,0,'T'),(1,'SJ','2007-01-05',2583,'I',1,'0000',2,0,'T'),(1,'SJ','2007-01-04',2583,'I',1,'0000',2,0,'T'),(1,'SJ','2007-01-03',2583,'I',1,'0000',2,0,'T'),(1,'SJ','2007-01-02',2583,'I',1,'0000',2,0,'T'),(1,'SJ','2007-01-01',2583,'I',1,'0000',2,0,'T'),(1,'SJ','2007-01-05',2582,'I',1,'0000',2,0,'T'),(1,'SJ','2007-01-04',2582,'I',1,'0000',2,0,'T'),(1,'SJ','2007-01-03',2582,'I',1,'0000',2,0,'T'),(1,'SJ','2007-01-02',2582,'I',1,'0000',2,0,'T'),(1,'SJ','2007-01-01',2582,'I',1,'0000',2,0,'T'),(1,'SJ','2007-12-14',2581,'I',1,'0000',1,0,'T'),(1,'SJ','2007-12-13',2581,'I',1,'0000',1,0,'T'),(1,'SJ','2007-12-04',2580,'I',1,'0305',1,0,'W'),(1,'ES','2007-12-17',2579,'I',1,'0501',1,0,'W'),(1,'ES','2007-12-16',2579,'I',1,'0501',1,0,'W'),(1,'ES','2007-12-15',2579,'I',1,'0501',1,0,'W'),(1,'ES','2007-12-14',2579,'I',1,'0501',1,0,'W'),(1,'ES','2007-12-13',2579,'I',1,'0501',1,0,'W'),(1,'ES','2007-12-12',2579,'I',1,'0501',1,0,'W'),(1,'ES','2007-12-11',2579,'I',1,'0501',1,0,'W'),(1,'ES','2007-12-10',2579,'I',1,'0501',1,0,'W'),(1,'ES','2007-12-09',2579,'I',1,'0501',1,0,'W'),(1,'ES','2007-12-08',2579,'I',1,'0501',1,0,'W'),(1,'ES','2007-12-07',2579,'I',1,'0501',1,0,'W'),(1,'ES','2007-12-06',2579,'I',1,'0501',1,0,'W'),(1,'ES','2007-12-05',2579,'I',1,'0501',1,0,'W'),(1,'ES','2007-12-04',2579,'I',1,'0501',1,0,'W'),(1,'ES','2007-12-03',2579,'I',1,'0501',1,0,'W'),(1,'SJ','2007-12-07',2578,'I',1,'0000',1,0,'T'),(1,'SJ','2007-12-14',2577,'I',1,'0000',1,0,'T'),(1,'SJ','2007-12-13',2577,'I',1,'0000',1,0,'T'),(1,'SJ','2007-12-12',2577,'I',1,'0000',1,0,'T'),(1,'SJ','2007-12-11',2577,'I',1,'0000',1,0,'T'),(1,'SJ','2007-12-10',2577,'I',1,'0000',1,0,'T'),(1,'SJ','2007-12-14',2576,'I',1,'0000',1,0,'T'),(1,'SJ','2007-12-13',2576,'I',1,'0000',1,0,'T'),(1,'SJ','2007-12-12',2576,'I',1,'0000',1,0,'T'),(1,'SJ','2007-12-03',2575,'I',1,'0303',1,0,'W'),(1,'SJ','2007-12-05',2574,'I',1,'0206',2,0,'C'),(1,'SJ','2007-12-04',2574,'I',1,'0206',2,0,'C'),(1,'SJ','2007-12-03',2574,'I',1,'0206',2,0,'C'),(1,'SJ','2007-12-02',2573,'I',1,'0410',1,0,'W'),(1,'SJ','2007-12-07',2571,'I',1,'0000',1,0,'T'),(1,'SJ','2007-12-06',2571,'I',1,'0000',1,0,'T'),(1,'SJ','2007-12-05',2571,'I',1,'0000',1,0,'T'),(1,'SJ','2007-12-07',2570,'I',1,'0000',1,0,'T'),(1,'SJ','2007-12-06',2570,'I',1,'0000',1,0,'T'),(1,'SJ','2007-12-05',2570,'I',1,'0000',1,0,'T'),(1,'SJ','2007-12-07',2569,'I',1,'0104',1,0,'C'),(1,'SJ','2007-12-06',2569,'I',1,'0104',1,0,'C'),(1,'SJ','2007-12-05',2569,'I',1,'0104',1,0,'C'),(1,'SJ','2007-12-04',2569,'I',1,'0104',1,0,'C'),(1,'SJ','2007-12-03',2569,'I',1,'0104',1,0,'C'),(1,'SJ','2007-12-04',2568,'I',1,'0210',1,0,'W'),(1,'SJ','2007-12-03',2568,'I',1,'0210',1,0,'W'),(1,'SJ','2007-12-02',2568,'I',1,'0210',1,0,'W'),(1,'SJ','2007-12-06',2567,'I',1,'0302',2,0,'W'),(1,'SJ','2007-12-05',2567,'I',1,'0302',2,0,'W'),(1,'SJ','2007-12-04',2567,'I',1,'0302',2,0,'W'),(1,'SJ','2007-12-03',2567,'I',1,'0302',2,0,'W'),(1,'SJ','2007-12-02',2567,'I',1,'0302',2,0,'W'),(1,'SJ','2007-12-01',2567,'I',1,'0302',2,0,'W'),(1,'SJ','2007-12-06',2566,'I',1,'0000',1,0,'T'),(1,'SJ','2007-12-05',2566,'I',1,'0000',1,0,'T'),(1,'SJ','2007-12-06',2565,'I',1,'0000',1,0,'T'),(1,'SJ','2007-12-05',2565,'I',1,'0000',1,0,'T'),(1,'SJ','2007-12-02',2561,'I',1,'0303',2,0,'W'),(1,'SJ','2007-12-01',2561,'I',1,'0303',2,0,'W'),(1,'SJ','2007-11-30',2561,'I',1,'0303',2,0,'W'),(1,'SJ','2007-12-07',2560,'I',1,'0407',1,0,'W'),(1,'SJ','2007-12-06',2560,'I',1,'0407',1,0,'W'),(1,'SJ','2007-12-05',2560,'I',1,'0407',1,0,'W'),(1,'SJ','2007-12-04',2560,'I',1,'0407',1,0,'W'),(1,'SJ','2007-12-03',2560,'I',1,'0407',1,0,'W'),(1,'SJ','2007-12-02',2560,'I',1,'0407',1,0,'W'),(1,'SJ','2007-12-01',2560,'I',1,'0407',1,0,'W'),(1,'SJ','2007-11-30',2560,'I',1,'0407',1,0,'W'),(1,'SJ','2007-12-02',2559,'I',1,'0301',1,0,'W'),(1,'SJ','2007-12-01',2559,'I',1,'0301',1,0,'W'),(1,'SJ','2007-11-30',2559,'I',1,'0301',1,0,'W'),(1,'SJ','2007-12-09',2558,'I',1,'0310',2,0,'W'),(1,'SJ','2007-12-08',2558,'I',1,'0310',2,0,'W'),(1,'SJ','2007-12-07',2558,'I',1,'0310',2,0,'W'),(1,'SJ','2007-12-06',2558,'I',1,'0310',2,0,'W'),(1,'SJ','2007-12-05',2558,'I',1,'0310',2,0,'W'),(1,'SJ','2007-12-04',2558,'I',1,'0310',2,0,'W'),(1,'SJ','2007-12-03',2558,'I',1,'0310',2,0,'W'),(1,'SJ','2007-12-02',2558,'I',1,'0310',2,0,'W'),(1,'SJ','2007-12-01',2558,'I',1,'0310',2,0,'W'),(1,'SJ','2007-11-30',2558,'I',1,'0310',2,0,'W'),(1,'SJ','2007-12-02',2557,'I',1,'0207',2,0,'W'),(1,'SJ','2007-12-01',2557,'I',1,'0207',2,0,'W'),(1,'SJ','2007-11-30',2557,'I',1,'0207',2,0,'W'),(1,'SJ','2007-12-02',2555,'I',1,'0404',1,0,'C'),(1,'SJ','2007-12-01',2555,'I',1,'0404',1,0,'C'),(1,'SJ','2007-01-23',2554,'I',1,'0000',1,0,'T'),(1,'SJ','2007-01-22',2554,'I',1,'0000',1,0,'T'),(1,'SJ','2007-01-21',2554,'I',1,'0000',1,0,'T'),(1,'SJ','2007-01-20',2554,'I',1,'0000',1,0,'T'),(1,'SJ','2007-01-19',2554,'I',1,'0000',1,0,'T'),(1,'SJ','2007-01-18',2554,'I',1,'0000',1,0,'T'),(1,'SJ','2007-01-17',2554,'I',1,'0000',1,0,'T'),(1,'SJ','2007-01-16',2554,'I',1,'0000',1,0,'T'),(1,'SJ','2007-01-15',2554,'I',1,'0000',1,0,'T'),(1,'SJ','2007-01-14',2554,'I',1,'0000',1,0,'T'),(1,'SJ','2007-01-13',2554,'I',1,'0000',1,0,'T'),(1,'SJ','2007-01-12',2554,'I',1,'0000',1,0,'T'),(1,'SJ','2007-01-11',2554,'I',1,'0000',1,0,'T'),(1,'SJ','2007-01-10',2554,'I',1,'0000',1,0,'T'),(1,'SJ','2007-12-19',2553,'I',1,'0409',1,0,'W'),(1,'SJ','2007-12-18',2553,'I',1,'0409',1,0,'W'),(1,'SJ','2007-12-17',2553,'I',1,'0409',1,0,'W'),(1,'SJ','2007-12-16',2553,'I',1,'0409',1,0,'W'),(1,'SJ','2007-12-15',2553,'I',1,'0409',1,0,'W'),(1,'SJ','2007-12-14',2553,'I',1,'0409',1,0,'W'),(1,'SJ','2007-12-13',2553,'I',1,'0409',1,0,'W'),(1,'SJ','2007-12-12',2553,'I',1,'0409',1,0,'W'),(1,'SJ','2007-12-11',2553,'I',1,'0409',1,0,'W'),(1,'SJ','2007-12-10',2553,'I',1,'0409',1,0,'W'),(1,'SJ','2007-12-09',2553,'I',1,'0409',1,0,'W'),(1,'SJ','2007-12-08',2553,'I',1,'0409',1,0,'W'),(1,'SJ','2007-12-07',2553,'I',1,'0409',1,0,'W'),(1,'SJ','2007-12-06',2553,'I',1,'0409',1,0,'W'),(1,'SJ','2007-12-05',2553,'I',1,'0409',1,0,'W'),(1,'SJ','2007-12-04',2553,'I',1,'0409',1,0,'W'),(1,'SJ','2007-12-03',2553,'I',1,'0409',1,0,'W'),(1,'SJ','2007-12-02',2553,'I',1,'0409',1,0,'W'),(1,'SJ','2007-12-01',2553,'I',1,'0409',1,0,'W'),(1,'SJ','2007-11-30',2553,'I',1,'0409',1,0,'W'),(1,'ES','2007-12-03',2547,'I',1,'',1,0,'M'),(1,'SJ','2007-12-07',2546,'I',1,'0103',2,0,'C'),(1,'SJ','2007-12-06',2546,'I',1,'0103',2,0,'C'),(1,'SJ','2007-12-05',2546,'I',1,'0103',2,0,'C'),(1,'SJ','2007-12-04',2546,'I',1,'0103',2,0,'C'),(1,'SJ','2007-12-03',2546,'I',1,'0103',2,0,'C'),(1,'SJ','2007-12-19',2543,'I',1,'0000',2,0,'M'),(1,'SJ','2007-12-04',2539,'I',1,'0000',1,0,'T'),(1,'SJ','2007-12-10',2538,'I',1,'0000',1,0,'T'),(1,'SJ','2007-12-11',2537,'I',1,'0000',1,0,'T'),(1,'SJ','2007-12-10',2537,'I',1,'0000',1,0,'T'),(1,'SJ','2007-01-04',2536,'I',1,'0000',2,0,'T'),(1,'SJ','2007-01-03',2536,'I',1,'0000',2,0,'T'),(1,'SJ','2007-01-02',2536,'I',1,'0000',2,0,'T'),(1,'SJ','2007-12-27',2535,'I',1,'0000',2,0,'T'),(1,'SJ','2007-12-26',2535,'I',1,'0000',2,0,'T'),(1,'SJ','2007-12-02',2534,'I',1,'0209',1,0,'W'),(1,'SJ','2007-12-01',2534,'I',1,'0209',1,0,'W'),(1,'SJ','2007-11-30',2534,'I',1,'0209',1,0,'W'),(1,'SJ','2007-11-29',2534,'I',1,'0209',1,0,'W'),(1,'SJ','2007-11-28',2534,'I',1,'0209',1,0,'W'),(1,'SJ','2007-12-18',2533,'I',1,'0000',1,0,'T'),(1,'SJ','2007-12-17',2533,'I',1,'0000',1,0,'T'),(1,'SJ','2007-12-16',2533,'I',1,'0000',1,0,'T'),(1,'SJ','2007-12-09',2532,'I',1,'0204',1,0,'C'),(1,'SJ','2007-12-08',2532,'I',1,'0204',1,0,'C'),(1,'SJ','2007-12-07',2532,'I',1,'0204',1,0,'C'),(1,'SJ','2007-12-06',2532,'I',1,'0204',1,0,'C'),(1,'SJ','2007-12-05',2532,'I',1,'0204',1,0,'C'),(1,'SJ','2007-12-04',2532,'I',1,'0204',1,0,'C'),(1,'SJ','2007-12-03',2532,'I',1,'0204',1,0,'C'),(1,'SJ','2007-12-02',2532,'I',1,'0204',1,0,'C'),(1,'SJ','2007-12-06',2530,'I',1,'0308',1,0,'C'),(1,'SJ','2007-12-05',2530,'I',1,'0308',1,0,'C'),(1,'SJ','2007-12-04',2530,'I',1,'0308',1,0,'C'),(1,'SJ','2007-12-03',2530,'I',1,'0308',1,0,'C'),(1,'SJ','2007-12-02',2530,'I',1,'0308',1,0,'C'),(1,'SJ','2007-12-06',2529,'I',1,'0402',1,0,'C'),(1,'SJ','2007-12-05',2529,'I',1,'0402',1,0,'C'),(1,'SJ','2007-12-04',2529,'I',1,'0402',1,0,'C'),(1,'SJ','2007-12-03',2529,'I',1,'0402',1,0,'C'),(1,'SJ','2007-12-02',2529,'I',1,'0402',1,0,'C'),(1,'SJ','2007-12-06',2528,'I',1,'0209',1,0,'C'),(1,'SJ','2007-12-05',2528,'I',1,'0209',1,0,'C'),(1,'SJ','2007-12-04',2528,'I',1,'0209',1,0,'C'),(1,'SJ','2007-12-03',2528,'I',1,'0209',1,0,'C'),(1,'SJ','2007-12-02',2528,'I',1,'0209',1,0,'C'),(1,'SJ','2007-12-05',2527,'I',1,'0307',2,0,'C'),(1,'SJ','2007-12-04',2527,'I',1,'0307',2,0,'C'),(1,'SJ','2007-12-03',2527,'I',1,'0307',2,0,'C'),(1,'SJ','2007-12-06',2525,'I',1,'0203',1,0,'C'),(1,'SJ','2007-12-05',2525,'I',1,'0203',1,0,'C'),(1,'SJ','2007-12-04',2525,'I',1,'0203',1,0,'C'),(1,'SJ','2007-12-03',2525,'I',1,'0203',1,0,'C'),(1,'SJ','2007-12-02',2522,'I',1,'0203',1,0,'C'),(1,'SJ','2007-12-11',2519,'I',1,'0202',1,0,'C'),(1,'SJ','2007-12-10',2519,'I',1,'0202',1,0,'C'),(1,'SJ','2007-12-09',2519,'I',1,'0202',1,0,'C'),(1,'SJ','2007-12-08',2519,'I',1,'0202',1,0,'C'),(1,'SJ','2007-12-07',2519,'I',1,'0202',1,0,'C'),(1,'SJ','2007-12-06',2519,'I',1,'0202',1,0,'C'),(1,'SJ','2007-12-05',2519,'I',1,'0202',1,0,'C'),(1,'SJ','2007-12-04',2519,'I',1,'0202',1,0,'C'),(1,'SJ','2007-12-03',2519,'I',1,'0202',1,0,'C'),(1,'SJ','2007-12-02',2519,'I',1,'0202',1,0,'C'),(1,'SJ','2007-12-01',2519,'I',1,'0202',1,0,'C'),(1,'SJ','2007-11-30',2519,'I',1,'0202',1,0,'C'),(1,'SJ','2007-11-29',2519,'I',1,'0202',1,0,'C'),(1,'SJ','2007-12-08',2518,'I',1,'0311',1,0,'C'),(1,'SJ','2007-12-07',2518,'I',1,'0311',1,0,'C'),(1,'SJ','2007-12-06',2518,'I',1,'0311',1,0,'C'),(1,'SJ','2007-12-05',2518,'I',1,'0311',1,0,'C'),(1,'SJ','2007-12-10',2517,'I',1,'0000',1,0,'T'),(1,'SJ','2007-12-09',2517,'I',1,'0000',1,0,'T'),(1,'SJ','2007-12-08',2517,'I',1,'0000',1,0,'T'),(1,'SJ','2007-12-07',2517,'I',1,'0000',1,0,'T'),(1,'SJ','2007-12-06',2517,'I',1,'0000',1,0,'T'),(1,'SJ','2007-12-05',2517,'I',1,'0000',1,0,'T'),(1,'SJ','2007-12-04',2517,'I',1,'0000',1,0,'T'),(1,'SJ','2007-12-03',2517,'I',1,'0000',1,0,'T'),(1,'SJ','2007-12-02',2517,'I',1,'0000',1,0,'T'),(1,'SJ','2007-12-09',2516,'I',1,'0309',2,0,'C'),(1,'SJ','2007-12-08',2516,'I',1,'0309',2,0,'C'),(1,'SJ','2007-12-07',2516,'I',1,'0309',2,0,'C'),(1,'SJ','2007-12-06',2516,'I',1,'0309',2,0,'C'),(1,'SJ','2007-12-05',2516,'I',1,'0309',2,0,'C'),(1,'SJ','2007-12-04',2516,'I',1,'0309',2,0,'C'),(1,'SJ','2007-12-03',2516,'I',1,'0309',2,0,'C'),(1,'SJ','2007-12-02',2516,'I',1,'0309',2,0,'C'),(1,'SJ','2007-12-01',2516,'I',1,'0309',2,0,'C'),(1,'SJ','2007-12-02',2515,'I',1,'0405',1,0,'C'),(1,'SJ','2007-12-01',2515,'I',1,'0405',1,0,'C'),(1,'SJ','2007-11-30',2515,'I',1,'0405',1,0,'C'),(1,'SJ','2007-11-29',2515,'I',1,'0405',1,0,'C'),(1,'SJ','2007-12-06',2512,'I',1,'0000',1,0,'T'),(1,'SJ','2007-12-08',2511,'I',1,'0000',1,0,'T'),(1,'SJ','2007-12-07',2511,'I',1,'0000',1,0,'T'),(1,'SJ','2007-12-06',2511,'I',1,'0000',1,0,'T'),(1,'ES','2007-12-02',2510,'I',1,'0601',1,0,'C'),(1,'ES','2007-12-02',2509,'I',1,'0601',1,0,'C'),(1,'ES','2007-11-25',2504,'I',1,'0601',1,0,'W'),(1,'SJ','2007-12-03',2496,'I',1,'0311',1,0,'C'),(1,'SJ','2007-12-18',2494,'I',1,'0201',1,0,'C'),(1,'SJ','2007-12-17',2494,'I',1,'0201',1,0,'C'),(1,'SJ','2007-12-16',2494,'I',1,'0201',1,0,'C'),(1,'SJ','2007-12-15',2494,'I',1,'0201',1,0,'C'),(1,'SJ','2007-12-14',2494,'I',1,'0201',1,0,'C'),(1,'SJ','2007-12-13',2494,'I',1,'0201',1,0,'C'),(1,'SJ','2007-12-12',2494,'I',1,'0201',1,0,'C'),(1,'SJ','2007-12-11',2494,'I',1,'0201',1,0,'C'),(1,'SJ','2007-12-10',2494,'I',1,'0201',1,0,'C'),(1,'SJ','2007-12-09',2494,'I',1,'0201',1,0,'C'),(1,'SJ','2007-12-08',2494,'I',1,'0201',1,0,'C'),(1,'SJ','2007-12-07',2494,'I',1,'0201',1,0,'C'),(1,'SJ','2007-12-06',2494,'I',1,'0201',1,0,'C'),(1,'SJ','2007-12-05',2494,'I',1,'0201',1,0,'C'),(1,'SJ','2007-12-04',2494,'I',1,'0201',1,0,'C'),(1,'SJ','2007-12-03',2494,'I',1,'0201',1,0,'C'),(1,'SJ','2007-12-02',2494,'I',1,'0201',1,0,'C'),(1,'SJ','2007-12-01',2494,'I',1,'0201',1,0,'C'),(1,'SJ','2007-11-30',2494,'I',1,'0201',1,0,'C'),(1,'SJ','2007-11-29',2494,'I',1,'0201',1,0,'C'),(1,'SJ','2007-11-28',2494,'I',1,'0201',1,0,'C'),(1,'SJ','2007-12-02',2492,'I',1,'0307',2,0,'C'),(1,'SJ','2007-12-01',2492,'I',1,'0307',2,0,'C'),(1,'SJ','2007-11-30',2492,'I',1,'0307',2,0,'C'),(1,'SJ','2007-12-06',2488,'I',1,'0208',1,0,'C'),(1,'SJ','2007-12-05',2488,'I',1,'0208',1,0,'C'),(1,'SJ','2007-12-04',2488,'I',1,'0208',1,0,'C'),(1,'SJ','2007-12-03',2488,'I',1,'0208',1,0,'C'),(1,'SJ','2007-12-06',2487,'I',1,'0102',1,0,'C'),(1,'SJ','2007-12-05',2487,'I',1,'0102',1,0,'C'),(1,'SJ','2007-12-04',2487,'I',1,'0102',1,0,'C'),(1,'SJ','2007-12-03',2487,'I',1,'0102',1,0,'C'),(1,'SJ','2007-12-06',2486,'I',1,'0207',1,0,'C'),(1,'SJ','2007-12-05',2486,'I',1,'0207',1,0,'C'),(1,'SJ','2007-12-04',2486,'I',1,'0207',1,0,'C'),(1,'SJ','2007-12-03',2486,'I',1,'0207',1,0,'C'),(1,'SJ','2007-11-26',2485,'I',1,'0000',1,0,'T'),(1,'SJ','2007-11-25',2485,'I',1,'0000',1,0,'T'),(1,'SJ','2007-12-13',2479,'I',1,'0000',1,0,'T'),(1,'SJ','2007-12-12',2479,'I',1,'0000',1,0,'T'),(1,'SJ','2007-11-30',2476,'I',1,'0000',2,0,'T'),(1,'SJ','2007-11-29',2476,'I',1,'0000',2,0,'T'),(1,'SJ','2007-11-28',2476,'I',1,'0000',2,0,'T'),(1,'SJ','2007-11-27',2476,'I',1,'0000',2,0,'T'),(1,'SJ','2007-11-26',2476,'I',1,'0000',2,0,'T'),(1,'SJ','2007-11-30',2475,'I',1,'0000',2,0,'T'),(1,'SJ','2007-11-29',2475,'I',1,'0000',2,0,'T'),(1,'SJ','2007-11-28',2475,'I',1,'0000',2,0,'T'),(1,'SJ','2007-11-27',2475,'I',1,'0000',2,0,'T'),(1,'SJ','2007-11-26',2475,'I',1,'0000',2,0,'T'),(1,'SJ','2007-12-06',2470,'I',1,'0211',1,0,'C'),(1,'SJ','2007-12-05',2470,'I',1,'0211',1,0,'C'),(1,'SJ','2007-12-04',2470,'I',1,'0211',1,0,'C'),(1,'SJ','2007-12-03',2470,'I',1,'0211',1,0,'C'),(1,'SJ','2007-12-02',2470,'I',1,'0211',1,0,'C'),(1,'SJ','2007-12-01',2470,'I',1,'0211',1,0,'C'),(1,'SJ','2007-11-28',2465,'I',1,'0000',1,0,'T'),(1,'SJ','2007-11-27',2465,'I',1,'0000',1,0,'T'),(1,'SJ','2007-11-26',2465,'I',1,'0000',1,0,'T'),(1,'SJ','2007-11-25',2465,'I',1,'0000',1,0,'T'),(1,'SJ','2007-11-24',2465,'I',1,'0000',1,0,'T'),(1,'SJ','2007-11-23',2465,'I',1,'0000',1,0,'T'),(1,'SJ','2007-12-02',2464,'I',1,'0102',1,0,'C'),(1,'SJ','2007-12-12',2462,'I',1,'0406',2,0,'C'),(1,'SJ','2007-12-11',2462,'I',1,'0406',2,0,'C'),(1,'SJ','2007-12-10',2462,'I',1,'0406',2,0,'C'),(1,'SJ','2007-12-09',2462,'I',1,'0406',2,0,'C'),(1,'SJ','2007-12-08',2462,'I',1,'0406',2,0,'C'),(1,'SJ','2007-12-07',2462,'I',1,'0406',2,0,'C'),(1,'SJ','2007-12-06',2462,'I',1,'0406',2,0,'C'),(1,'SJ','2007-12-05',2462,'I',1,'0406',2,0,'C'),(1,'SJ','2007-12-04',2462,'I',1,'0406',2,0,'C'),(1,'SJ','2007-12-03',2462,'I',1,'0406',2,0,'C'),(1,'SJ','2007-12-02',2462,'I',1,'0406',2,0,'C'),(1,'SJ','2007-12-01',2462,'I',1,'0406',2,0,'C'),(1,'SJ','2007-11-30',2462,'I',1,'0406',2,0,'C'),(1,'SJ','2007-12-01',2461,'I',1,'0000',1,0,'T'),(1,'SJ','2007-11-30',2461,'I',1,'0000',1,0,'T'),(1,'SJ','2007-11-29',2461,'I',1,'0000',1,0,'T'),(1,'SJ','2007-11-28',2461,'I',1,'0000',1,0,'T'),(1,'SJ','2007-11-27',2461,'I',1,'0000',1,0,'T'),(1,'SJ','2007-12-02',2459,'I',1,'0206',1,0,'C'),(1,'SJ','2007-12-01',2459,'I',1,'0206',1,0,'C'),(1,'SJ','2007-11-30',2459,'I',1,'0206',1,0,'C'),(1,'SJ','2007-11-29',2459,'I',1,'0206',1,0,'C'),(1,'SJ','2007-11-21',2457,'I',1,'0000',1,0,'T'),(1,'SJ','2007-11-20',2456,'I',1,'0000',1,0,'T'),(1,'SJ','2007-11-27',2455,'I',1,'0000',1,0,'T'),(1,'SJ','2007-11-27',2454,'I',1,'0000',1,0,'T'),(1,'SJ','2007-11-22',2446,'I',1,'0000',2,0,'T'),(1,'SJ','2007-11-21',2446,'I',1,'0000',2,0,'T'),(1,'SJ','2007-11-20',2446,'I',1,'0000',2,0,'T'),(1,'SJ','2007-12-27',2443,'I',1,'0000',2,0,'T'),(1,'SJ','2007-12-26',2443,'I',1,'0000',2,0,'T'),(1,'SJ','2007-12-25',2443,'I',1,'0000',2,0,'T'),(1,'SJ','2007-12-24',2443,'I',1,'0000',2,0,'T'),(1,'SJ','2007-12-23',2443,'I',1,'0000',2,0,'T'),(1,'SJ','2007-12-22',2443,'I',1,'0000',2,0,'T'),(1,'SJ','2007-12-21',2443,'I',1,'0000',2,0,'T'),(1,'SJ','2007-12-20',2443,'I',1,'0000',2,0,'T'),(1,'SJ','2007-12-19',2443,'I',1,'0000',2,0,'T'),(1,'SJ','2007-12-18',2443,'I',1,'0000',2,0,'T'),(1,'SJ','2007-12-17',2443,'I',1,'0000',2,0,'T'),(1,'SJ','2007-12-05',2439,'I',1,'0605',1,0,'C'),(1,'SJ','2007-12-04',2439,'I',1,'0605',1,0,'C'),(1,'SJ','2007-12-03',2439,'I',1,'0605',1,0,'C'),(1,'SJ','2007-12-05',2438,'I',1,'0603',1,0,'C'),(1,'SJ','2007-12-04',2438,'I',1,'0603',1,0,'C'),(1,'SJ','2007-12-03',2438,'I',1,'0603',1,0,'C'),(1,'SJ','2007-12-05',2432,'I',1,'0403',1,0,'C'),(1,'SJ','2007-12-04',2432,'I',1,'0403',1,0,'C'),(1,'SJ','2007-12-03',2432,'I',1,'0403',1,0,'C'),(1,'SJ','2007-12-02',2432,'I',1,'0403',1,0,'C'),(1,'SJ','2007-12-02',2431,'I',1,'0304',1,0,'C'),(1,'SJ','2007-12-01',2431,'I',1,'0304',1,0,'C'),(1,'SJ','2007-11-30',2431,'I',1,'0304',1,0,'C'),(1,'SJ','2007-11-29',2431,'I',1,'0304',1,0,'C'),(1,'SJ','2007-11-28',2431,'I',1,'0304',1,0,'C'),(1,'SJ','2007-11-27',2431,'I',1,'0304',1,0,'C'),(1,'SJ','2007-11-26',2431,'I',1,'0304',1,0,'C'),(1,'SJ','2007-11-25',2431,'I',1,'0304',1,0,'C'),(1,'SJ','2007-11-24',2431,'I',1,'0304',1,0,'C'),(1,'SJ','2007-11-23',2431,'I',1,'0304',1,0,'C'),(1,'SJ','2007-11-22',2431,'I',1,'0304',1,0,'C'),(1,'SJ','2007-12-07',2422,'I',1,'0401',1,0,'C'),(1,'SJ','2007-12-06',2422,'I',1,'0401',1,0,'C'),(1,'SJ','2007-12-05',2422,'I',1,'0401',1,0,'C'),(1,'SJ','2007-12-04',2422,'I',1,'0401',1,0,'C'),(1,'SJ','2007-12-03',2422,'I',1,'0401',1,0,'C'),(1,'SJ','2007-12-02',2422,'I',1,'0401',1,0,'C'),(1,'SJ','2007-12-01',2422,'I',1,'0401',1,0,'C'),(1,'SJ','2007-12-06',2421,'I',1,'0306',3,0,'C'),(1,'SJ','2007-12-05',2421,'I',1,'0306',3,0,'C'),(1,'SJ','2007-12-04',2421,'I',1,'0306',3,0,'C'),(1,'SJ','2007-12-03',2421,'I',1,'0306',3,0,'C'),(1,'SJ','2007-11-25',2419,'I',1,'0000',1,0,'T'),(1,'SJ','2007-11-25',2414,'I',1,'0000',1,0,'T'),(1,'SJ','2007-11-26',2407,'I',1,'0000',1,0,'T'),(1,'SJ','2007-11-25',2407,'I',1,'0000',1,0,'T'),(1,'SJ','2007-11-24',2407,'I',1,'0000',1,0,'T'),(1,'SJ','2007-12-23',2406,'I',1,'0000',2,0,'T'),(1,'SJ','2007-12-22',2406,'I',1,'0000',2,0,'T'),(1,'SJ','2007-12-21',2406,'I',1,'0000',2,0,'T'),(1,'SJ','2007-12-20',2406,'I',1,'0000',2,0,'T'),(1,'SJ','2007-12-23',2405,'I',1,'0000',2,0,'T'),(1,'SJ','2007-12-22',2405,'I',1,'0000',2,0,'T'),(1,'SJ','2007-12-21',2405,'I',1,'0000',2,0,'T'),(1,'SJ','2007-12-20',2405,'I',1,'0000',2,0,'T'),(1,'SJ','2007-12-16',2404,'I',1,'0000',2,0,'T'),(1,'SJ','2007-12-10',2403,'I',1,'0408',1,0,'C'),(1,'SJ','2007-12-09',2403,'I',1,'0408',1,0,'C'),(1,'SJ','2007-12-08',2403,'I',1,'0408',1,0,'C'),(1,'SJ','2007-12-07',2403,'I',1,'0408',1,0,'C'),(1,'SJ','2007-12-06',2403,'I',1,'0408',1,0,'C'),(1,'SJ','2007-12-05',2403,'I',1,'0408',1,0,'C'),(1,'SJ','2007-12-04',2403,'I',1,'0408',1,0,'C'),(1,'SJ','2007-12-03',2403,'I',1,'0408',1,0,'C'),(1,'SJ','2007-12-02',2403,'I',1,'0408',1,0,'C'),(1,'SJ','2007-12-16',2400,'I',1,'0000',3,0,'T'),(1,'SJ','2007-12-15',2400,'I',1,'0000',3,0,'T'),(1,'SJ','2007-12-14',2400,'I',1,'0000',3,0,'T'),(1,'SJ','2007-12-13',2400,'I',1,'0000',3,0,'T'),(1,'SJ','2007-12-12',2400,'I',1,'0000',3,0,'T'),(1,'SJ','2007-11-15',2399,'I',1,'0000',1,0,'T'),(1,'SJ','2007-12-05',2398,'I',1,'0210',1,0,'C'),(1,'SJ','2007-01-09',2392,'I',1,'0000',2,0,'T'),(1,'SJ','2007-01-08',2392,'I',1,'0000',2,0,'T'),(1,'SJ','2007-01-07',2392,'I',1,'0000',2,0,'T'),(1,'SJ','2007-01-06',2392,'I',1,'0000',2,0,'T'),(1,'SJ','2007-01-05',2392,'I',1,'0000',2,0,'T'),(1,'SJ','2007-01-04',2392,'I',1,'0000',2,0,'T'),(1,'SJ','2007-01-03',2392,'I',1,'0000',2,0,'T'),(1,'SJ','2007-11-15',2388,'I',1,'0000',1,0,'T'),(1,'SJ','2007-11-15',2387,'I',1,'0000',1,0,'T'),(1,'SJ','2007-12-07',2386,'I',1,'0000',1,0,'T'),(1,'SJ','2007-12-07',2385,'I',1,'0000',1,0,'T'),(1,'SJ','2007-12-07',2384,'I',1,'0000',1,0,'T'),(1,'SJ','2007-12-04',2383,'I',1,'0301',1,0,'C'),(1,'SJ','2007-12-04',2382,'I',1,'0303',1,0,'C'),(1,'SJ','2007-12-04',2381,'I',1,'0304',1,0,'C'),(1,'SJ','2007-11-15',2380,'I',1,'0000',1,0,'T'),(1,'SJ','2007-11-14',2374,'I',1,'0000',1,0,'T'),(1,'SJ','2007-11-14',2373,'I',1,'0000',1,0,'T'),(1,'SJ','2007-11-14',2372,'I',1,'0000',2,0,'T'),(1,'SJ','2007-11-14',2371,'I',1,'0000',1,0,'T'),(1,'SJ','2007-12-19',2370,'I',1,'0000',1,0,'T'),(1,'SJ','2007-12-18',2370,'I',1,'0000',1,0,'T'),(1,'SJ','2007-12-17',2370,'I',1,'0000',1,0,'T'),(1,'SJ','2007-12-16',2370,'I',1,'0000',1,0,'T'),(1,'SJ','2007-12-15',2370,'I',1,'0000',1,0,'T'),(1,'SJ','2007-12-14',2370,'I',1,'0000',1,0,'T'),(1,'SJ','2007-12-13',2370,'I',1,'0000',1,0,'T'),(1,'SJ','2007-12-12',2370,'I',1,'0000',1,0,'T'),(1,'SJ','2007-12-11',2370,'I',1,'0000',1,0,'T'),(1,'SJ','2007-12-10',2370,'I',1,'0000',1,0,'T'),(1,'SJ','2007-12-09',2370,'I',1,'0000',1,0,'T'),(1,'SJ','2007-12-08',2370,'I',1,'0000',1,0,'T'),(1,'SJ','2007-12-07',2370,'I',1,'0000',1,0,'T'),(1,'SJ','2007-12-06',2370,'I',1,'0000',1,0,'T'),(1,'SJ','2007-12-05',2370,'I',1,'0000',1,0,'T'),(1,'SJ','2007-12-04',2370,'I',1,'0000',1,0,'T'),(1,'SJ','2007-12-03',2370,'I',1,'0000',1,0,'T'),(1,'SJ','2007-12-02',2370,'I',1,'0000',1,0,'T'),(1,'SJ','2007-12-01',2370,'I',1,'0000',1,0,'T'),(1,'SJ','2007-11-30',2370,'I',1,'0000',1,0,'T'),(1,'SJ','2007-11-29',2370,'I',1,'0000',1,0,'T'),(1,'SJ','2007-11-28',2370,'I',1,'0000',1,0,'T'),(1,'SJ','2007-11-27',2370,'I',1,'0000',1,0,'T'),(1,'SJ','2007-11-26',2370,'I',1,'0000',1,0,'T'),(1,'SJ','2007-11-25',2370,'I',1,'0000',1,0,'T'),(1,'SJ','2007-11-24',2370,'I',1,'0000',1,0,'T'),(1,'SJ','2007-11-23',2370,'I',1,'0000',1,0,'T'),(1,'SJ','2007-11-22',2370,'I',1,'0000',1,0,'T'),(1,'SJ','2007-11-21',2370,'I',1,'0000',1,0,'T'),(1,'SJ','2007-11-17',2365,'I',1,'0000',1,0,'T'),(1,'SJ','2007-11-16',2365,'I',1,'0000',1,0,'T'),(1,'SJ','2007-12-06',2364,'I',1,'0105',1,0,'C'),(1,'SJ','2007-12-05',2364,'I',1,'0105',1,0,'C'),(1,'SJ','2007-12-04',2364,'I',1,'0105',1,0,'C'),(1,'SJ','2007-12-03',2364,'I',1,'0105',1,0,'C'),(1,'SJ','2007-11-25',2357,'I',1,'0000',1,0,'T'),(1,'SJ','2007-11-24',2357,'I',1,'0000',1,0,'T'),(1,'SJ','2007-11-23',2357,'I',1,'0000',1,0,'T'),(1,'SJ','2007-11-22',2357,'I',1,'0000',1,0,'T'),(1,'SJ','2007-11-29',2356,'I',1,'0000',1,0,'T'),(1,'SJ','2007-11-28',2356,'I',1,'0000',1,0,'T'),(1,'SJ','2007-11-27',2356,'I',1,'0000',1,0,'T'),(1,'SJ','2007-11-26',2356,'I',1,'0000',1,0,'T'),(1,'SJ','2007-11-25',2356,'I',1,'0000',1,0,'T'),(1,'SJ','2007-11-24',2356,'I',1,'0000',1,0,'T'),(1,'SJ','2007-11-23',2356,'I',1,'0000',1,0,'T'),(1,'SJ','2007-11-22',2356,'I',1,'0000',1,0,'T'),(1,'SJ','2007-11-21',2356,'I',1,'0000',1,0,'T'),(1,'SJ','2007-11-20',2356,'I',1,'0000',1,0,'T'),(1,'SJ','2007-11-19',2356,'I',1,'0000',1,0,'T'),(1,'SJ','2007-12-20',2344,'I',1,'0000',1,0,'T'),(1,'SJ','2007-12-19',2344,'I',1,'0000',1,0,'T'),(1,'SJ','2007-12-18',2344,'I',1,'0000',1,0,'T'),(1,'SJ','2007-12-17',2344,'I',1,'0000',1,0,'T'),(1,'SJ','2007-12-16',2344,'I',1,'0000',1,0,'T'),(1,'SJ','2007-12-15',2344,'I',1,'0000',1,0,'T'),(1,'SJ','2007-12-14',2344,'I',1,'0000',1,0,'T'),(1,'SJ','2007-12-13',2344,'I',1,'0000',1,0,'T'),(1,'SJ','2007-12-12',2344,'I',1,'0000',1,0,'T'),(1,'SJ','2007-12-11',2344,'I',1,'0000',1,0,'T'),(1,'SJ','2007-12-10',2344,'I',1,'0000',1,0,'T'),(1,'SJ','2007-12-09',2344,'I',1,'0000',1,0,'T'),(1,'SJ','2007-12-08',2344,'I',1,'0000',1,0,'T'),(1,'SJ','2007-12-07',2344,'I',1,'0000',1,0,'T'),(1,'SJ','2007-12-06',2344,'I',1,'0000',1,0,'T'),(1,'SJ','2007-12-05',2344,'I',1,'0000',1,0,'T'),(1,'SJ','2007-12-04',2344,'I',1,'0000',1,0,'T'),(1,'SJ','2007-12-03',2344,'I',1,'0000',1,0,'T'),(1,'SJ','2007-12-02',2344,'I',1,'0000',1,0,'T'),(1,'SJ','2007-12-01',2344,'I',1,'0000',1,0,'T'),(1,'SJ','2007-11-30',2344,'I',1,'0000',1,0,'T'),(1,'SJ','2007-11-29',2344,'I',1,'0000',1,0,'T'),(1,'SJ','2007-11-28',2344,'I',1,'0000',1,0,'T'),(1,'SJ','2007-11-21',2344,'I',1,'0000',1,0,'T'),(1,'SJ','2007-12-13',2338,'I',1,'0000',2,0,'T'),(1,'SJ','2007-12-02',2333,'I',1,'0104',1,0,'C'),(1,'SJ','2007-12-01',2333,'I',1,'0104',1,0,'C'),(1,'SJ','2007-11-30',2333,'I',1,'0104',1,0,'C'),(1,'SJ','2007-11-29',2333,'I',1,'0104',1,0,'C'),(1,'SJ','2007-11-28',2333,'I',1,'0104',1,0,'C'),(1,'SJ','2007-11-27',2333,'I',1,'0104',1,0,'C'),(1,'SJ','2007-11-26',2333,'I',1,'0104',1,0,'C'),(1,'SJ','2007-12-02',2332,'I',1,'0305',1,0,'C'),(1,'SJ','2007-12-01',2332,'I',1,'0305',1,0,'C'),(1,'SJ','2007-11-30',2332,'I',1,'0305',1,0,'C'),(1,'SJ','2007-11-29',2332,'I',1,'0305',1,0,'C'),(1,'SJ','2007-11-28',2332,'I',1,'0305',1,0,'C'),(1,'SJ','2007-11-27',2332,'I',1,'0305',1,0,'C'),(1,'SJ','2007-11-26',2332,'I',1,'0305',1,0,'C'),(1,'SJ','2007-12-09',2321,'I',1,'0000',2,0,'T'),(1,'SJ','2007-11-17',2315,'I',1,'0000',1,0,'T'),(1,'SJ','2007-11-16',2315,'I',1,'0000',1,0,'T'),(1,'SJ','2007-11-15',2315,'I',1,'0000',1,0,'T'),(1,'SJ','2007-11-14',2315,'I',1,'0000',1,0,'T'),(1,'SJ','2007-11-13',2315,'I',1,'0000',1,0,'T'),(1,'SJ','2007-11-12',2315,'I',1,'0000',1,0,'T'),(1,'SJ','2007-11-11',2309,'I',1,'0000',1,0,'T'),(1,'SJ','2007-11-10',2309,'I',1,'0000',1,0,'T'),(1,'SJ','2007-11-09',2309,'I',1,'0000',1,0,'T'),(1,'SJ','2007-11-11',2308,'I',1,'0000',1,0,'T'),(1,'SJ','2007-11-10',2308,'I',1,'0000',1,0,'T'),(1,'SJ','2007-11-09',2308,'I',1,'0000',1,0,'T'),(1,'SJ','2007-11-05',2307,'I',1,'0000',1,0,'T'),(1,'SJ','2007-07-02',38,'I',1,'0000',1,0,'T'),(1,'SJ','2007-07-01',38,'I',1,'0000',1,0,'T'),(1,'SJ','2007-12-01',2522,'I',1,'0203',1,0,'C'),(1,'SJ','2007-12-14',2521,'I',1,'0000',1,0,'T'),(1,'SJ','2007-12-13',2521,'I',1,'0000',1,0,'T'),(1,'SJ','2007-12-08',2520,'I',1,'0410',1,0,'C'),(1,'SJ','2007-12-07',2520,'I',1,'0410',1,0,'C'),(1,'SJ','2007-12-06',2520,'I',1,'0410',1,0,'C'),(1,'SJ','2007-12-05',2520,'I',1,'0410',1,0,'C'),(1,'SJ','2007-12-04',2520,'I',1,'0410',1,0,'C'),(1,'SJ','2007-12-03',2520,'I',1,'0410',1,0,'C'),(1,'SJ','2007-12-15',2519,'I',1,'0202',1,0,'C'),(1,'SJ','2007-12-14',2519,'I',1,'0202',1,0,'C'),(1,'SJ','2007-12-13',2519,'I',1,'0202',1,0,'C'),(1,'SJ','2007-12-12',2519,'I',1,'0202',1,0,'C'),(1,'SJ','2007-11-08',2259,'I',1,'0000',1,0,'T'),(1,'SJ','2007-11-07',2259,'I',1,'0000',1,0,'T'),(1,'SJ','2007-11-06',2259,'I',1,'0000',1,0,'T'),(1,'SJ','2007-11-05',2259,'I',1,'0000',1,0,'T'),(1,'SJ','2007-11-04',2250,'I',1,'0000',2,0,'T'),(1,'SJ','2007-11-03',2250,'I',1,'0000',2,0,'T'),(1,'SJ','2007-11-02',2250,'I',1,'0000',2,0,'T'),(1,'SJ','2007-11-01',2250,'I',1,'0000',2,0,'T'),(1,'SJ','2007-12-21',2247,'I',1,'0000',2,0,'T'),(1,'SJ','2007-12-20',2247,'I',1,'0000',2,0,'T'),(1,'SJ','2007-12-18',2247,'I',1,'0000',2,0,'T'),(1,'SJ','2007-12-17',2247,'I',1,'0000',2,0,'T'),(1,'SJ','2007-12-16',2247,'I',1,'0000',2,0,'T'),(1,'SJ','2007-12-02',2244,'I',1,'0208',1,0,'C'),(1,'SJ','2007-12-01',2244,'I',1,'0208',1,0,'C'),(1,'SJ','2007-11-30',2244,'I',1,'0208',1,0,'C'),(1,'SJ','2007-11-26',2238,'I',1,'0000',1,0,'T'),(1,'SJ','2007-11-25',2238,'I',1,'0000',1,0,'T'),(1,'SJ','2007-11-03',2234,'I',1,'0000',1,0,'T'),(1,'SJ','2007-10-30',2223,'I',1,'0000',1,0,'T'),(1,'SJ','2007-10-29',2223,'I',1,'0000',1,0,'T'),(1,'SJ','2007-12-13',2220,'I',1,'0000',2,0,'T'),(1,'SJ','2007-12-07',2219,'I',1,'0000',2,0,'T'),(1,'SJ','2007-12-06',2219,'I',1,'0000',2,0,'T'),(1,'SJ','2007-11-11',2217,'I',1,'0000',1,0,'T'),(1,'SJ','2007-11-10',2217,'I',1,'0000',1,0,'T'),(1,'SJ','2007-11-09',2217,'I',1,'0000',1,0,'T'),(1,'SJ','2007-11-08',2217,'I',1,'0000',1,0,'T'),(1,'SJ','2007-11-07',2217,'I',1,'0000',1,0,'T'),(1,'SJ','2007-11-06',2217,'I',1,'0000',1,0,'T'),(1,'SJ','2007-11-05',2217,'I',1,'0000',1,0,'T'),(1,'SJ','2007-11-04',2217,'I',1,'0000',1,0,'T'),(1,'SJ','2007-11-03',2217,'I',1,'0000',1,0,'T'),(1,'SJ','2007-11-02',2217,'I',1,'0000',1,0,'T'),(1,'SJ','2007-11-01',2217,'I',1,'0000',1,0,'T'),(1,'SJ','2007-10-31',2217,'I',1,'0000',1,0,'T'),(1,'SJ','2007-10-30',2217,'I',1,'0000',1,0,'T'),(1,'SJ','2007-10-29',2217,'I',1,'0000',1,0,'T'),(1,'SJ','2007-11-22',2211,'I',1,'0000',1,0,'T'),(1,'SJ','2007-11-21',2211,'I',1,'0000',1,0,'T'),(1,'SJ','2007-11-20',2211,'I',1,'0000',1,0,'T'),(1,'SJ','2007-11-19',2211,'I',1,'0000',1,0,'T'),(1,'SJ','2007-12-01',2210,'I',1,'0000',1,0,'T'),(1,'SJ','2007-11-30',2210,'I',1,'0000',1,0,'T'),(1,'SJ','2007-11-29',2210,'I',1,'0000',1,0,'T'),(1,'SJ','2007-11-28',2210,'I',1,'0000',1,0,'T'),(1,'SJ','2007-11-27',2210,'I',1,'0000',1,0,'T'),(1,'SJ','2007-11-26',2210,'I',1,'0000',1,0,'T'),(1,'SJ','2007-11-17',2187,'I',1,'0000',1,0,'T'),(1,'SJ','2007-11-16',2187,'I',1,'0000',1,0,'T'),(1,'SJ','2007-11-15',2187,'I',1,'0000',1,0,'T'),(1,'SJ','2007-11-14',2187,'I',1,'0000',1,0,'T'),(1,'SJ','2007-11-13',2187,'I',1,'0000',1,0,'T'),(1,'SJ','2007-11-12',2187,'I',1,'0000',1,0,'T'),(1,'SJ','2007-10-25',2182,'I',1,'0000',1,0,'T'),(1,'SJ','2007-12-21',2181,'I',1,'0000',2,0,'T'),(1,'SJ','2007-12-20',2181,'I',1,'0000',2,0,'T'),(1,'SJ','2007-11-09',2180,'I',1,'0000',1,0,'T'),(1,'SJ','2007-11-08',2180,'I',1,'0000',1,0,'T'),(1,'SJ','2007-11-07',2180,'I',1,'0000',1,0,'T'),(1,'SJ','2007-11-09',2179,'I',1,'0000',1,0,'T'),(1,'SJ','2007-11-08',2179,'I',1,'0000',1,0,'T'),(1,'SJ','2007-11-07',2179,'I',1,'0000',1,0,'T'),(1,'SJ','2007-10-30',2175,'I',1,'0000',1,0,'T'),(1,'SJ','2007-10-29',2175,'I',1,'0000',1,0,'T'),(1,'SJ','2007-11-02',2151,'I',1,'0000',1,0,'T'),(1,'SJ','2007-11-01',2151,'I',1,'0000',1,0,'T'),(1,'SJ','2007-10-31',2151,'I',1,'0000',1,0,'T'),(1,'SJ','2007-10-30',2151,'I',1,'0000',1,0,'T'),(1,'SJ','2007-10-29',2151,'I',1,'0000',1,0,'T'),(1,'SJ','2007-10-28',2151,'I',1,'0000',1,0,'T'),(1,'SJ','2007-10-27',2151,'I',1,'0000',1,0,'T'),(1,'SJ','2007-10-26',2151,'I',1,'0000',1,0,'T'),(1,'SJ','2007-10-25',2151,'I',1,'0000',1,0,'T'),(1,'SJ','2007-10-24',2151,'I',1,'0000',1,0,'T'),(1,'SJ','2007-10-23',2151,'I',1,'0000',1,0,'T'),(1,'SJ','2007-10-22',2151,'I',1,'0000',1,0,'T'),(1,'SJ','2007-10-25',2143,'I',1,'0000',1,0,'T'),(1,'SJ','2007-10-24',2143,'I',1,'0000',1,0,'T'),(1,'SJ','2007-10-23',2143,'I',1,'0000',1,0,'T'),(1,'SJ','2007-10-27',2138,'I',1,'0000',1,0,'T'),(1,'SJ','2007-10-26',2138,'I',1,'0000',1,0,'T'),(1,'SJ','2007-11-17',2136,'I',1,'0000',1,0,'T'),(1,'SJ','2007-11-16',2136,'I',1,'0000',1,0,'T'),(1,'SJ','2007-11-15',2136,'I',1,'0000',1,0,'T'),(1,'SJ','2007-11-14',2136,'I',1,'0000',1,0,'T'),(1,'SJ','2007-11-13',2136,'I',1,'0000',1,0,'T'),(1,'SJ','2007-11-12',2136,'I',1,'0000',1,0,'T'),(1,'SJ','2007-11-17',2135,'I',1,'0000',1,0,'T'),(1,'SJ','2007-11-16',2135,'I',1,'0000',1,0,'T'),(1,'SJ','2007-11-15',2135,'I',1,'0000',1,0,'T'),(1,'SJ','2007-11-14',2135,'I',1,'0000',1,0,'T'),(1,'SJ','2007-11-13',2135,'I',1,'0000',1,0,'T'),(1,'SJ','2007-11-12',2135,'I',1,'0000',1,0,'T'),(1,'SJ','2007-11-17',2134,'I',1,'0000',1,0,'T'),(1,'SJ','2007-11-16',2134,'I',1,'0000',1,0,'T'),(1,'SJ','2007-11-15',2134,'I',1,'0000',1,0,'T'),(1,'SJ','2007-11-14',2134,'I',1,'0000',1,0,'T'),(1,'SJ','2007-11-13',2134,'I',1,'0000',1,0,'T'),(1,'SJ','2007-11-12',2134,'I',1,'0000',1,0,'T'),(1,'SJ','2007-11-11',2134,'I',1,'0000',1,0,'T'),(1,'SJ','2007-11-10',2134,'I',1,'0000',1,0,'T'),(1,'SJ','2007-11-17',2133,'I',1,'0000',1,0,'T'),(1,'SJ','2007-11-16',2133,'I',1,'0000',1,0,'T'),(1,'SJ','2007-11-15',2133,'I',1,'0000',1,0,'T'),(1,'SJ','2007-11-14',2133,'I',1,'0000',1,0,'T'),(1,'SJ','2007-11-13',2133,'I',1,'0000',1,0,'T'),(1,'SJ','2007-11-12',2133,'I',1,'0000',1,0,'T'),(1,'SJ','2007-11-11',2133,'I',1,'0000',1,0,'T'),(1,'SJ','2007-11-10',2133,'I',1,'0000',1,0,'T'),(1,'SJ','2007-10-27',2121,'I',1,'0000',1,0,'T'),(1,'SJ','2007-10-26',2121,'I',1,'0000',1,0,'T'),(1,'SJ','2007-10-25',2121,'I',1,'0000',1,0,'T'),(1,'SJ','2007-10-24',2121,'I',1,'0000',1,0,'T'),(1,'SJ','2007-10-23',2121,'I',1,'0000',1,0,'T'),(1,'SJ','2007-10-22',2121,'I',1,'0000',1,0,'T'),(1,'SJ','2007-10-25',2120,'I',1,'0000',1,0,'T'),(1,'SJ','2007-10-24',2120,'I',1,'0000',1,0,'T'),(1,'SJ','2007-10-23',2120,'I',1,'0000',1,0,'T'),(1,'SJ','2007-10-22',2120,'I',1,'0000',1,0,'T'),(1,'SJ','2007-10-21',2120,'I',1,'0000',1,0,'T'),(1,'SJ','2007-11-30',2114,'I',1,'0000',1,0,'T'),(1,'SJ','2007-11-10',2103,'I',1,'0000',1,0,'T'),(1,'SJ','2007-11-09',2103,'I',1,'0000',1,0,'T'),(1,'SJ','2007-11-08',2103,'I',1,'0000',1,0,'T'),(1,'SJ','2007-11-07',2103,'I',1,'0000',1,0,'T'),(1,'SJ','2007-11-06',2103,'I',1,'0000',1,0,'T'),(1,'SJ','2007-11-05',2103,'I',1,'0000',1,0,'T'),(1,'SJ','2007-11-10',2102,'I',1,'0000',1,0,'T'),(1,'SJ','2007-11-09',2102,'I',1,'0000',1,0,'T'),(1,'SJ','2007-11-08',2102,'I',1,'0000',1,0,'T'),(1,'SJ','2007-11-07',2102,'I',1,'0000',1,0,'T'),(1,'SJ','2007-11-06',2102,'I',1,'0000',1,0,'T'),(1,'SJ','2007-11-05',2102,'I',1,'0000',1,0,'T'),(1,'SJ','2007-11-09',2082,'I',1,'0000',1,0,'T'),(1,'SJ','2007-11-08',2082,'I',1,'0000',1,0,'T'),(1,'SJ','2007-11-07',2082,'I',1,'0000',1,0,'T'),(1,'SJ','2007-11-06',2082,'I',1,'0000',1,0,'T'),(1,'SJ','2007-11-05',2082,'I',1,'0000',1,0,'T'),(1,'SJ','2007-11-09',2081,'I',1,'0000',1,0,'T'),(1,'SJ','2007-11-08',2081,'I',1,'0000',1,0,'T'),(1,'SJ','2007-11-07',2081,'I',1,'0000',1,0,'T'),(1,'SJ','2007-11-06',2081,'I',1,'0000',1,0,'T'),(1,'SJ','2007-11-05',2081,'I',1,'0000',1,0,'T'),(1,'SJ','2007-10-25',2079,'I',1,'0000',1,0,'T'),(1,'SJ','2007-10-24',2079,'I',1,'0000',1,0,'T'),(1,'SJ','2007-10-23',2079,'I',1,'0000',1,0,'T'),(1,'SJ','2007-10-22',2079,'I',1,'0000',1,0,'T'),(1,'SJ','2007-01-28',1981,'I',1,'0000',1,0,'T'),(1,'SJ','2007-11-25',1972,'I',1,'0000',2,0,'T'),(1,'SJ','2007-11-24',1972,'I',1,'0000',2,0,'T'),(1,'SJ','2007-11-23',1972,'I',1,'0000',2,0,'T'),(1,'SJ','2007-11-22',1972,'I',1,'0000',2,0,'T'),(1,'SJ','2007-11-21',1972,'I',1,'0000',2,0,'T'),(1,'SJ','2007-11-20',1972,'I',1,'0000',2,0,'T'),(1,'SJ','2007-11-19',1972,'I',1,'0000',2,0,'T'),(1,'SJ','2007-11-18',1972,'I',1,'0000',2,0,'T'),(1,'SJ','2007-11-17',1972,'I',1,'0000',2,0,'T'),(1,'SJ','2007-11-03',1956,'I',1,'0000',1,0,'T'),(1,'SJ','2007-01-24',1943,'I',1,'0000',1,0,'T'),(1,'SJ','2007-01-24',1929,'I',1,'0000',1,0,'T'),(1,'SJ','2007-01-24',1880,'I',1,'0000',1,0,'T'),(1,'SJ','2007-01-24',1879,'I',1,'0000',1,0,'T'),(1,'SJ','2007-01-29',1835,'I',1,'0000',2,0,'T'),(1,'SJ','2007-01-16',1820,'I',1,'0000',1,0,'T'),(1,'SJ','2007-01-15',1820,'I',1,'0000',1,0,'T'),(1,'SJ','2007-01-27',1781,'I',1,'0000',1,0,'T'),(1,'SJ','2007-01-26',1781,'I',1,'0000',1,0,'T'),(1,'SJ','2007-01-25',1781,'I',1,'0000',1,0,'T'),(1,'SJ','2007-01-24',1781,'I',1,'0000',1,0,'T'),(1,'SJ','2007-01-23',1781,'I',1,'0000',1,0,'T'),(1,'SJ','2007-01-22',1781,'I',1,'0000',1,0,'T'),(1,'SJ','2007-01-21',1781,'I',1,'0000',1,0,'T'),(1,'SJ','2007-01-20',1781,'I',1,'0000',1,0,'T'),(1,'SJ','2007-01-19',1781,'I',1,'0000',1,0,'T'),(1,'SJ','2007-01-18',1781,'I',1,'0000',1,0,'T'),(1,'SJ','2007-01-17',1781,'I',1,'0000',1,0,'T'),(1,'SJ','2007-01-16',1781,'I',1,'0000',1,0,'T'),(1,'SJ','2007-01-15',1781,'I',1,'0000',1,0,'T'),(1,'SJ','2007-01-14',1781,'I',1,'0000',1,0,'T'),(1,'SJ','2007-01-13',1781,'I',1,'0000',1,0,'T'),(1,'SJ','2007-01-15',1777,'I',1,'0000',1,0,'T'),(1,'SJ','2007-01-19',1772,'I',1,'0000',1,0,'T'),(1,'SJ','2007-01-18',1772,'I',1,'0000',1,0,'T'),(1,'SJ','2007-01-17',1772,'I',1,'0000',1,0,'T'),(1,'SJ','2007-01-16',1772,'I',1,'0000',1,0,'T'),(1,'SJ','2007-01-15',1772,'I',1,'0000',1,0,'T'),(1,'SJ','2007-01-14',1772,'I',1,'0000',1,0,'T'),(1,'SJ','2007-01-13',1772,'I',1,'0000',1,0,'T'),(1,'SJ','2007-01-12',1772,'I',1,'0000',1,0,'T'),(1,'SJ','2007-01-11',1772,'I',1,'0000',1,0,'T'),(1,'SJ','2007-01-10',1772,'I',1,'0000',1,0,'T'),(1,'SJ','2007-01-18',1724,'I',1,'0000',1,0,'T'),(1,'SJ','2007-01-06',1719,'I',1,'0000',1,0,'T'),(1,'SJ','2007-01-05',1719,'I',1,'0000',1,0,'T'),(1,'SJ','2007-01-04',1719,'I',1,'0000',1,0,'T'),(1,'SJ','2007-01-03',1719,'I',1,'0000',1,0,'T'),(1,'SJ','2007-01-02',1719,'I',1,'0000',1,0,'T'),(1,'SJ','2007-12-30',1694,'I',1,'0000',2,0,'T'),(1,'SJ','2007-12-29',1694,'I',1,'0000',2,0,'T'),(1,'ES','2007-12-27',1686,'I',1,'0602',1,0,'T'),(1,'ES','2007-12-26',1686,'I',1,'0602',1,0,'T'),(1,'SJ','2007-12-28',1663,'I',1,'0000',1,0,'T'),(1,'SJ','2007-12-27',1663,'I',1,'0000',1,0,'T'),(1,'SJ','2007-12-26',1663,'I',1,'0000',1,0,'T'),(1,'SJ','2007-12-25',1663,'I',1,'0000',1,0,'T'),(1,'SJ','2007-01-31',1660,'I',1,'0000',1,0,'T'),(1,'SJ','2007-01-30',1660,'I',1,'0000',1,0,'T'),(1,'SJ','2007-01-29',1660,'I',1,'0000',1,0,'T'),(1,'SJ','2007-01-28',1660,'I',1,'0000',1,0,'T'),(1,'SJ','2007-01-27',1660,'I',1,'0000',1,0,'T'),(1,'SJ','2007-01-31',1659,'I',1,'0000',2,0,'T'),(1,'SJ','2007-01-30',1659,'I',1,'0000',2,0,'T'),(1,'SJ','2007-01-29',1659,'I',1,'0000',2,0,'T'),(1,'SJ','2007-01-28',1659,'I',1,'0000',2,0,'T'),(1,'SJ','2007-01-27',1659,'I',1,'0000',2,0,'T'),(1,'SJ','2007-12-21',1652,'I',1,'0000',2,0,'T'),(1,'SJ','2007-12-20',1652,'I',1,'0000',2,0,'T'),(1,'SJ','2007-12-18',1647,'I',1,'0000',1,0,'T'),(1,'SJ','2007-12-17',1647,'I',1,'0000',1,0,'T'),(1,'SJ','2007-12-20',1629,'I',1,'0000',1,0,'T'),(1,'SJ','2007-12-19',1629,'I',1,'0000',1,0,'T'),(1,'SJ','2007-12-18',1629,'I',1,'0000',1,0,'T'),(1,'SJ','2007-12-17',1629,'I',1,'0000',1,0,'T'),(1,'SJ','2007-12-16',1629,'I',1,'0000',1,0,'T'),(1,'SJ','2007-12-15',1629,'I',1,'0000',1,0,'T'),(1,'SJ','2007-12-14',1629,'I',1,'0000',1,0,'T'),(1,'SJ','2007-12-13',1629,'I',1,'0000',1,0,'T'),(1,'SJ','2007-01-30',1608,'I',1,'0000',2,0,'T'),(1,'SJ','2007-01-29',1608,'I',1,'0000',2,0,'T'),(1,'SJ','2007-01-28',1608,'I',1,'0000',2,0,'T'),(1,'SJ','2007-01-27',1608,'I',1,'0000',2,0,'T'),(1,'SJ','2007-01-26',1608,'I',1,'0000',2,0,'T'),(1,'SJ','2007-01-25',1608,'I',1,'0000',2,0,'T'),(1,'SJ','2007-01-24',1608,'I',1,'0000',2,0,'T'),(1,'SJ','2007-12-11',1585,'I',1,'0000',1,0,'T'),(1,'SJ','2007-12-10',1585,'I',1,'0000',1,0,'T'),(1,'SJ','2007-12-09',1585,'I',1,'0000',1,0,'T'),(1,'SJ','2007-12-21',1576,'I',1,'0000',1,0,'T'),(1,'SJ','2007-12-07',1557,'I',1,'0000',1,0,'T'),(1,'SJ','2007-12-06',1557,'I',1,'0000',1,0,'T'),(1,'SJ','2007-12-05',1557,'I',1,'0000',1,0,'T'),(1,'SJ','2007-12-04',1557,'I',1,'0000',1,0,'T'),(1,'SJ','2007-12-03',1557,'I',1,'0000',1,0,'T'),(1,'SJ','2007-12-07',1544,'I',1,'0000',1,0,'T'),(1,'SJ','2007-12-06',1544,'I',1,'0000',1,0,'T'),(1,'SJ','2007-12-05',1544,'I',1,'0000',1,0,'T'),(1,'SJ','2007-12-04',1544,'I',1,'0000',1,0,'T'),(1,'SJ','2007-12-03',1544,'I',1,'0000',1,0,'T'),(1,'SJ','2007-12-02',1544,'I',1,'0000',1,0,'T'),(1,'SJ','2007-12-06',1539,'I',1,'0000',1,0,'T'),(1,'SJ','2007-12-05',1539,'I',1,'0000',1,0,'T'),(1,'SJ','2007-12-04',1539,'I',1,'0000',1,0,'T'),(1,'SJ','2007-12-03',1539,'I',1,'0000',1,0,'T'),(1,'SJ','2007-12-02',1539,'I',1,'0000',1,0,'T'),(1,'SJ','2007-12-07',1538,'I',1,'0000',2,0,'T'),(1,'SJ','2007-12-06',1538,'I',1,'0000',2,0,'T'),(1,'SJ','2007-12-05',1538,'I',1,'0000',2,0,'T'),(1,'SJ','2007-12-04',1538,'I',1,'0000',2,0,'T'),(1,'SJ','2007-12-03',1538,'I',1,'0000',2,0,'T'),(1,'SJ','2007-12-02',1538,'I',1,'0000',2,0,'T'),(1,'SJ','2007-12-07',1533,'I',1,'0000',1,0,'T'),(1,'SJ','2007-12-06',1533,'I',1,'0000',1,0,'T'),(1,'SJ','2007-12-05',1533,'I',1,'0000',1,0,'T'),(1,'SJ','2007-12-04',1533,'I',1,'0000',1,0,'T'),(1,'SJ','2007-12-03',1533,'I',1,'0000',1,0,'T'),(1,'SJ','2007-12-02',1533,'I',1,'0000',1,0,'T'),(1,'SJ','2007-12-17',1510,'I',1,'0000',2,0,'T'),(1,'SJ','2007-12-16',1510,'I',1,'0000',2,0,'T'),(1,'SJ','2007-12-15',1510,'I',1,'0000',2,0,'T'),(1,'SJ','2007-12-07',1502,'I',1,'0000',1,0,'T'),(1,'SJ','2007-12-06',1502,'I',1,'0000',1,0,'T'),(1,'SJ','2007-12-05',1502,'I',1,'0000',1,0,'T'),(1,'SJ','2007-12-04',1502,'I',1,'0000',1,0,'T'),(1,'SJ','2007-11-27',1486,'I',1,'0000',1,0,'T'),(1,'SJ','2007-11-26',1486,'I',1,'0000',1,0,'T'),(1,'SJ','2007-11-25',1486,'I',1,'0000',1,0,'T'),(1,'SJ','2007-12-01',1472,'I',1,'0000',1,0,'T'),(1,'SJ','2007-11-30',1472,'I',1,'0000',1,0,'T'),(1,'SJ','2007-11-26',1470,'I',1,'0000',1,0,'T'),(1,'SJ','2007-11-23',1457,'I',1,'0000',1,0,'T'),(1,'SJ','2007-11-23',1456,'I',1,'0000',1,0,'T'),(1,'SJ','2007-11-20',1452,'I',1,'0000',2,0,'T'),(1,'SJ','2007-11-23',1433,'I',1,'0000',1,0,'T'),(1,'SJ','2007-11-18',1428,'I',1,'0000',2,0,'T'),(1,'SJ','2007-11-17',1428,'I',1,'0000',2,0,'T'),(1,'SJ','2007-11-29',1426,'I',1,'0000',1,0,'T'),(1,'SJ','2007-11-28',1426,'I',1,'0000',1,0,'T'),(1,'SJ','2007-11-27',1426,'I',1,'0000',1,0,'T'),(1,'SJ','2007-11-26',1426,'I',1,'0000',1,0,'T'),(1,'SJ','2007-11-25',1426,'I',1,'0000',1,0,'T'),(1,'SJ','2007-11-24',1426,'I',1,'0000',1,0,'T'),(1,'SJ','2007-11-23',1426,'I',1,'0000',1,0,'T'),(1,'SJ','2007-11-22',1426,'I',1,'0000',1,0,'T'),(1,'SJ','2007-11-21',1426,'I',1,'0000',1,0,'T'),(1,'SJ','2007-11-20',1426,'I',1,'0000',1,0,'T'),(1,'SJ','2007-11-29',1425,'I',1,'0000',1,0,'T'),(1,'SJ','2007-11-28',1425,'I',1,'0000',1,0,'T'),(1,'SJ','2007-11-27',1425,'I',1,'0000',1,0,'T'),(1,'SJ','2007-11-26',1425,'I',1,'0000',1,0,'T'),(1,'SJ','2007-11-25',1425,'I',1,'0000',1,0,'T'),(1,'SJ','2007-11-24',1425,'I',1,'0000',1,0,'T'),(1,'SJ','2007-11-23',1425,'I',1,'0000',1,0,'T'),(1,'SJ','2007-11-22',1425,'I',1,'0000',1,0,'T'),(1,'SJ','2007-11-21',1425,'I',1,'0000',1,0,'T'),(1,'SJ','2007-11-20',1425,'I',1,'0000',1,0,'T'),(1,'SJ','2007-11-22',1420,'I',1,'0000',2,0,'T'),(1,'SJ','2007-11-21',1420,'I',1,'0000',2,0,'T'),(1,'SJ','2007-11-20',1420,'I',1,'0000',2,0,'T'),(1,'SJ','2007-11-19',1420,'I',1,'0000',2,0,'T'),(1,'SJ','2007-11-18',1420,'I',1,'0000',2,0,'T'),(1,'SJ','2007-11-17',1420,'I',1,'0000',2,0,'T'),(1,'SJ','2007-11-15',1416,'I',1,'0000',1,0,'T'),(1,'SJ','2007-11-20',1415,'I',1,'0000',1,0,'T'),(1,'SJ','2007-11-23',1410,'I',1,'0000',2,0,'T'),(1,'SJ','2007-11-16',1408,'I',1,'0000',2,0,'T'),(1,'SJ','2007-11-09',1364,'I',1,'0000',2,0,'T'),(1,'SJ','2007-11-08',1364,'I',1,'0000',2,0,'T'),(1,'SJ','2007-11-07',1364,'I',1,'0000',2,0,'T'),(1,'SJ','2007-11-11',1363,'I',1,'0000',1,0,'T'),(1,'SJ','2007-11-11',1362,'I',1,'0000',1,0,'T'),(1,'SJ','2007-11-11',1361,'I',1,'0000',1,0,'T'),(1,'SJ','2007-11-11',1360,'I',1,'0000',1,0,'T'),(1,'SJ','2007-11-06',1353,'I',1,'0000',1,0,'T'),(1,'SJ','2007-11-26',1352,'I',1,'0000',1,0,'T'),(1,'SJ','2007-11-25',1352,'I',1,'0000',1,0,'T'),(1,'SJ','2007-11-24',1352,'I',1,'0000',1,0,'T'),(1,'SJ','2007-11-23',1352,'I',1,'0000',1,0,'T'),(1,'SJ','2007-11-22',1352,'I',1,'0000',1,0,'T'),(1,'SJ','2007-11-21',1352,'I',1,'0000',1,0,'T'),(1,'SJ','2007-11-20',1352,'I',1,'0000',1,0,'T'),(1,'SJ','2007-11-19',1352,'I',1,'0000',1,0,'T'),(1,'SJ','2007-11-18',1352,'I',1,'0000',1,0,'T'),(1,'SJ','2007-11-04',1344,'I',1,'0000',1,0,'T'),(1,'SJ','2007-11-04',1343,'I',1,'0000',1,0,'T'),(1,'SJ','2007-11-23',1341,'I',1,'0000',2,0,'T'),(1,'SJ','2007-11-17',1340,'I',1,'0000',2,0,'T'),(1,'SJ','2007-11-16',1340,'I',1,'0000',2,0,'T'),(1,'SJ','2007-11-04',1321,'I',1,'0000',1,0,'T'),(1,'SJ','2007-11-19',1320,'I',1,'0000',1,0,'T'),(1,'SJ','2007-11-18',1320,'I',1,'0000',1,0,'T'),(1,'SJ','2007-10-16',1179,'I',1,'0000',1,0,'T'),(1,'SJ','2007-11-17',1320,'I',1,'0000',1,0,'T'),(1,'SJ','2007-11-16',1320,'I',1,'0000',1,0,'T'),(1,'SJ','2007-11-15',1320,'I',1,'0000',1,0,'T'),(1,'SJ','2007-11-14',1320,'I',1,'0000',1,0,'T'),(1,'SJ','2007-11-19',1319,'I',1,'0000',1,0,'T'),(1,'SJ','2007-11-18',1319,'I',1,'0000',1,0,'T'),(1,'SJ','2007-11-17',1319,'I',1,'0000',1,0,'T'),(1,'SJ','2007-11-16',1319,'I',1,'0000',1,0,'T'),(1,'SJ','2007-11-15',1319,'I',1,'0000',1,0,'T'),(1,'SJ','2007-11-14',1319,'I',1,'0000',1,0,'T'),(1,'SJ','2007-11-19',1318,'I',1,'0000',1,0,'T'),(1,'SJ','2007-11-18',1318,'I',1,'0000',1,0,'T'),(1,'SJ','2007-11-17',1318,'I',1,'0000',1,0,'T'),(1,'SJ','2007-11-16',1318,'I',1,'0000',1,0,'T'),(1,'SJ','2007-11-15',1318,'I',1,'0000',1,0,'T'),(1,'SJ','2007-10-15',1179,'I',1,'0000',1,0,'T'),(1,'SJ','2007-11-14',1318,'I',1,'0000',1,0,'T'),(1,'SJ','2007-11-19',1317,'I',1,'0000',1,0,'T'),(1,'SJ','2007-11-18',1317,'I',1,'0000',1,0,'T'),(1,'SJ','2007-11-17',1317,'I',1,'0000',1,0,'T'),(1,'SJ','2007-11-16',1317,'I',1,'0000',1,0,'T'),(1,'SJ','2007-11-15',1317,'I',1,'0000',1,0,'T'),(1,'SJ','2007-11-14',1317,'I',1,'0000',1,0,'T'),(1,'SJ','2007-11-04',1311,'I',1,'0000',2,0,'T'),(1,'SJ','2007-11-03',1311,'I',1,'0000',2,0,'T'),(1,'SJ','2007-11-15',1172,'I',1,'0409',1,0,'T'),(1,'SJ','2007-11-02',1311,'I',1,'0000',2,0,'T'),(1,'SJ','2007-11-19',1303,'I',1,'0000',1,0,'T'),(1,'SJ','2007-11-18',1303,'I',1,'0000',1,0,'T'),(1,'SJ','2007-11-17',1303,'I',1,'0000',1,0,'T'),(1,'SJ','2007-11-16',1303,'I',1,'0000',1,0,'T'),(1,'SJ','2007-11-15',1303,'I',1,'0000',1,0,'T'),(1,'SJ','2007-11-14',1303,'I',1,'0000',1,0,'T'),(1,'SJ','2007-10-30',1285,'I',1,'0000',1,0,'T'),(1,'SJ','2007-10-27',1247,'I',1,'0000',2,0,'T'),(1,'SJ','2007-10-26',1247,'I',1,'0000',2,0,'T'),(1,'SJ','2007-10-30',1235,'I',1,'0000',1,0,'T'),(1,'SJ','2007-10-29',1235,'I',1,'0000',1,0,'T'),(1,'SJ','2007-10-28',1235,'I',1,'0000',1,0,'T'),(1,'SJ','2007-10-27',1235,'I',1,'0000',1,0,'T'),(1,'SJ','2007-10-26',1235,'I',1,'0000',1,0,'T'),(1,'SJ','2007-10-25',1235,'I',1,'0000',1,0,'T'),(1,'SJ','2007-10-24',1235,'I',1,'0000',1,0,'T'),(1,'SJ','2007-10-23',1235,'I',1,'0000',1,0,'T'),(1,'SJ','2007-10-30',1234,'I',1,'0000',1,0,'T'),(1,'SJ','2007-10-29',1234,'I',1,'0000',1,0,'T'),(1,'SJ','2007-10-28',1234,'I',1,'0000',1,0,'T'),(1,'SJ','2007-10-27',1234,'I',1,'0000',1,0,'T'),(1,'SJ','2007-10-26',1234,'I',1,'0000',1,0,'T'),(1,'SJ','2007-10-25',1234,'I',1,'0000',1,0,'T'),(1,'SJ','2007-10-24',1234,'I',1,'0000',1,0,'T'),(1,'SJ','2007-10-23',1234,'I',1,'0000',1,0,'T'),(1,'SJ','2007-10-30',1233,'I',1,'0000',1,0,'T'),(1,'SJ','2007-10-29',1233,'I',1,'0000',1,0,'T'),(1,'SJ','2007-10-28',1233,'I',1,'0000',1,0,'T'),(1,'SJ','2007-10-27',1233,'I',1,'0000',1,0,'T'),(1,'SJ','2007-10-26',1233,'I',1,'0000',1,0,'T'),(1,'SJ','2007-10-25',1233,'I',1,'0000',1,0,'T'),(1,'SJ','2007-10-24',1233,'I',1,'0000',1,0,'T'),(1,'SJ','2007-10-23',1233,'I',1,'0000',1,0,'T'),(1,'SJ','2007-10-30',1232,'I',1,'0000',1,0,'T'),(1,'SJ','2007-10-29',1232,'I',1,'0000',1,0,'T'),(1,'SJ','2007-10-28',1232,'I',1,'0000',1,0,'T'),(1,'SJ','2007-10-27',1232,'I',1,'0000',1,0,'T'),(1,'SJ','2007-10-26',1232,'I',1,'0000',1,0,'T'),(1,'SJ','2007-10-25',1232,'I',1,'0000',1,0,'T'),(1,'SJ','2007-10-24',1232,'I',1,'0000',1,0,'T'),(1,'SJ','2007-10-23',1232,'I',1,'0000',1,0,'T'),(1,'SJ','2007-10-30',1231,'I',1,'0000',1,0,'T'),(1,'SJ','2007-10-29',1231,'I',1,'0000',1,0,'T'),(1,'SJ','2007-10-28',1231,'I',1,'0000',1,0,'T'),(1,'SJ','2007-10-27',1231,'I',1,'0000',1,0,'T'),(1,'SJ','2007-10-26',1231,'I',1,'0000',1,0,'T'),(1,'SJ','2007-10-25',1231,'I',1,'0000',1,0,'T'),(1,'SJ','2007-10-24',1231,'I',1,'0000',1,0,'T'),(1,'SJ','2007-10-23',1231,'I',1,'0000',1,0,'T'),(1,'SJ','2007-11-09',1227,'I',1,'0000',1,0,'T'),(1,'SJ','2007-11-08',1227,'I',1,'0000',1,0,'T'),(1,'SJ','2007-10-28',1226,'I',1,'0000',1,0,'T'),(1,'SJ','2007-10-18',1184,'I',1,'0000',1,0,'T'),(1,'SJ','2007-10-18',1180,'I',1,'0000',1,0,'T'),(1,'SJ','2007-10-17',1180,'I',1,'0000',1,0,'T'),(1,'SJ','2007-10-16',1180,'I',1,'0000',1,0,'T'),(1,'SJ','2007-10-15',1180,'I',1,'0000',1,0,'T'),(1,'SJ','2007-10-18',1179,'I',1,'0000',1,0,'T'),(1,'SJ','2007-10-17',1179,'I',1,'0000',1,0,'T'),(1,'SJ','2007-11-14',1172,'I',1,'0409',1,0,'T'),(1,'SJ','2007-11-13',1172,'I',1,'0409',1,0,'T'),(1,'SJ','2007-11-12',1172,'I',1,'0409',1,0,'T'),(1,'SJ','2007-11-11',1172,'I',1,'0409',1,0,'T'),(1,'SJ','2007-11-10',1172,'I',1,'0409',1,0,'T'),(1,'SJ','2007-11-09',1172,'I',1,'0409',1,0,'T'),(1,'SJ','2007-11-08',1172,'I',1,'0409',1,0,'T'),(1,'SJ','2007-11-07',1172,'I',1,'0409',1,0,'T'),(1,'SJ','2007-11-06',1172,'I',1,'0409',1,0,'T'),(1,'SJ','2007-11-05',1172,'I',1,'0409',1,0,'T'),(1,'SJ','2007-11-04',1172,'I',1,'0409',1,0,'T'),(1,'SJ','2007-10-07',1069,'I',1,'0000',1,0,'T'),(1,'SJ','2007-10-06',1069,'I',1,'0000',1,0,'T'),(1,'SJ','2007-10-05',1069,'I',1,'0000',1,0,'T'),(1,'SJ','2007-10-04',1069,'I',1,'0000',1,0,'T'),(1,'SJ','2007-10-03',1069,'I',1,'0000',1,0,'T'),(1,'SJ','2007-10-18',1066,'I',1,'0000',1,0,'T'),(1,'SJ','2007-10-17',1066,'I',1,'0000',1,0,'T'),(1,'SJ','2007-10-16',1066,'I',1,'0000',1,0,'T'),(1,'SJ','2007-10-15',1066,'I',1,'0000',1,0,'T'),(1,'SJ','2007-10-14',1066,'I',1,'0000',1,0,'T'),(1,'SJ','2007-10-13',1066,'I',1,'0000',1,0,'T'),(1,'SJ','2007-10-12',1066,'I',1,'0000',1,0,'T'),(1,'SJ','2007-10-11',1066,'I',1,'0000',1,0,'T'),(1,'SJ','2007-10-10',1066,'I',1,'0000',1,0,'T'),(1,'SJ','2007-10-09',1066,'I',1,'0000',1,0,'T'),(1,'SJ','2007-10-08',1066,'I',1,'0000',1,0,'T'),(1,'SJ','2007-10-18',1065,'I',1,'0000',1,0,'T'),(1,'SJ','2007-10-17',1065,'I',1,'0000',1,0,'T'),(1,'SJ','2007-10-16',1065,'I',1,'0000',1,0,'T'),(1,'SJ','2007-10-15',1065,'I',1,'0000',1,0,'T'),(1,'SJ','2007-10-14',1065,'I',1,'0000',1,0,'T'),(1,'SJ','2007-10-13',1065,'I',1,'0000',1,0,'T'),(1,'SJ','2007-10-12',1065,'I',1,'0000',1,0,'T'),(1,'SJ','2007-10-11',1065,'I',1,'0000',1,0,'T'),(1,'SJ','2007-10-10',1065,'I',1,'0000',1,0,'T'),(1,'SJ','2007-10-09',1065,'I',1,'0000',1,0,'T'),(1,'SJ','2007-10-08',1065,'I',1,'0000',1,0,'T'),(1,'SJ','2007-10-07',1061,'I',1,'0000',1,0,'T'),(1,'SJ','2007-10-06',1061,'I',1,'0000',1,0,'T'),(1,'SJ','2007-10-12',1052,'I',1,'0000',1,0,'T'),(1,'SJ','2007-10-11',1052,'I',1,'0000',1,0,'T'),(1,'SJ','2007-10-10',1052,'I',1,'0000',1,0,'T'),(1,'SJ','2007-10-09',1052,'I',1,'0000',1,0,'T'),(1,'SJ','2007-10-08',1052,'I',1,'0000',1,0,'T'),(1,'SJ','2007-10-12',1050,'I',1,'0000',1,0,'T'),(1,'SJ','2007-10-09',1043,'I',1,'0000',1,0,'T'),(1,'SJ','2007-10-01',1032,'I',1,'0000',1,0,'T'),(1,'SJ','2007-10-14',1030,'I',1,'0000',1,0,'T'),(1,'SJ','2007-10-13',1030,'I',1,'0000',1,0,'T'),(1,'SJ','2007-10-12',1030,'I',1,'0000',1,0,'T'),(1,'SJ','2007-10-11',1030,'I',1,'0000',1,0,'T'),(1,'SJ','2007-10-10',1030,'I',1,'0000',1,0,'T'),(1,'SJ','2007-10-09',1030,'I',1,'0000',1,0,'T'),(1,'SJ','2007-10-08',1030,'I',1,'0000',1,0,'T'),(1,'SJ','2007-10-07',1030,'I',1,'0000',1,0,'T'),(1,'SJ','2007-10-22',1024,'I',1,'0000',2,0,'T'),(1,'SJ','2007-10-21',1024,'I',1,'0000',2,0,'T'),(1,'SJ','2007-10-20',1024,'I',1,'0000',2,0,'T'),(1,'SJ','2007-10-13',1018,'I',1,'0000',1,0,'T'),(1,'SJ','2007-10-12',1018,'I',1,'0000',1,0,'T'),(1,'SJ','2007-09-26',995,'I',1,'0000',1,0,'T'),(1,'SJ','2007-09-25',981,'I',1,'0000',1,0,'T'),(1,'SJ','2007-09-24',981,'I',1,'0000',1,0,'T'),(1,'SJ','2007-09-23',981,'I',1,'0000',1,0,'T'),(1,'SJ','2007-01-01',969,'I',1,'0408',1,0,'T'),(1,'SJ','2007-09-27',968,'I',1,'0000',1,0,'T'),(1,'SJ','2007-09-18',938,'I',1,'0000',1,0,'T'),(1,'SJ','2007-09-17',938,'I',1,'0000',1,0,'T'),(1,'SJ','2007-09-16',938,'I',1,'0000',1,0,'T'),(1,'SJ','2007-09-14',928,'I',1,'0000',1,0,'T'),(1,'SJ','2007-09-16',916,'I',1,'0000',1,0,'T'),(1,'SJ','2007-09-20',915,'I',1,'0000',2,0,'T'),(1,'SJ','2007-09-19',915,'I',1,'0000',2,0,'T'),(1,'SJ','2007-09-18',915,'I',1,'0000',2,0,'T'),(1,'SJ','2007-09-17',915,'I',1,'0000',2,0,'T'),(1,'SJ','2007-09-16',915,'I',1,'0000',2,0,'T'),(1,'SJ','2007-09-11',913,'I',1,'0000',1,0,'T'),(1,'SJ','2007-09-21',900,'I',1,'0000',1,0,'T'),(1,'SJ','2007-09-20',900,'I',1,'0000',1,0,'T'),(1,'SJ','2007-09-19',900,'I',1,'0000',1,0,'T'),(1,'SJ','2007-09-18',900,'I',1,'0000',1,0,'T'),(1,'SJ','2007-08-25',665,'I',1,'0000',1,0,'T'),(1,'SJ','2007-08-26',665,'I',1,'0000',1,0,'T'),(1,'SJ','2007-08-27',665,'I',1,'0000',1,0,'T'),(1,'SJ','2007-09-17',900,'I',1,'0000',1,0,'T'),(1,'SJ','2007-09-16',900,'I',1,'0000',1,0,'T'),(1,'SJ','2007-09-15',900,'I',1,'0000',1,0,'T'),(1,'SJ','2007-09-14',900,'I',1,'0000',1,0,'T'),(1,'SJ','2007-10-12',899,'I',1,'0000',1,0,'T'),(1,'SJ','2007-10-11',899,'I',1,'0000',1,0,'T'),(1,'SJ','2007-10-10',899,'I',1,'0000',1,0,'T'),(1,'SJ','2007-10-09',899,'I',1,'0000',1,0,'T'),(1,'SJ','2007-10-08',899,'I',1,'0000',1,0,'T'),(1,'SJ','2007-10-07',899,'I',1,'0000',1,0,'T'),(1,'SJ','2007-10-06',899,'I',1,'0000',1,0,'T'),(1,'SJ','2007-10-05',899,'I',1,'0000',1,0,'T'),(1,'SJ','2007-10-04',899,'I',1,'0000',1,0,'T'),(1,'SJ','2007-10-03',899,'I',1,'0000',1,0,'T'),(1,'SJ','2007-10-02',899,'I',1,'0000',1,0,'T'),(1,'SJ','2007-10-01',899,'I',1,'0000',1,0,'T'),(1,'SJ','2007-09-06',873,'I',1,'0000',1,0,'T'),(1,'SJ','2007-09-03',847,'I',1,'0000',1,0,'T'),(1,'SJ','2007-09-11',827,'I',1,'0000',1,0,'T'),(1,'SJ','2007-09-03',823,'I',1,'0000',1,0,'T'),(1,'SJ','2007-09-02',823,'I',1,'0000',1,0,'T'),(1,'SJ','2007-08-31',815,'I',1,'0000',1,0,'T'),(1,'SJ','2007-08-30',815,'I',1,'0000',1,0,'T'),(1,'SJ','2007-08-31',807,'I',1,'0000',1,0,'T'),(1,'SJ','2007-01-29',802,'I',1,'0000',2,0,'T'),(1,'SJ','2007-01-28',802,'I',1,'0000',2,0,'T'),(1,'SJ','2007-01-27',802,'I',1,'0000',2,0,'T'),(1,'SJ','2007-01-26',802,'I',1,'0000',2,0,'T'),(1,'SJ','2007-01-25',802,'I',1,'0000',2,0,'T'),(1,'SJ','2007-01-24',802,'I',1,'0000',2,0,'T'),(1,'SJ','2007-01-23',802,'I',1,'0000',2,0,'T'),(1,'SJ','2007-01-22',802,'I',1,'0000',2,0,'T'),(1,'SJ','2007-01-21',802,'I',1,'0000',2,0,'T'),(1,'SJ','2007-01-20',802,'I',1,'0000',2,0,'T'),(1,'SJ','2007-09-09',799,'I',1,'0000',1,0,'T'),(1,'SJ','2007-09-16',797,'I',1,'0000',1,0,'T'),(1,'SJ','2007-09-15',797,'I',1,'0000',1,0,'T'),(1,'SJ','2007-09-11',790,'I',1,'0000',1,0,'T'),(1,'SJ','2007-09-10',790,'I',1,'0000',1,0,'T'),(1,'SJ','2007-09-09',790,'I',1,'0000',1,0,'T'),(1,'SJ','2007-09-08',790,'I',1,'0000',1,0,'T'),(1,'SJ','2007-09-04',789,'I',1,'0000',1,0,'T'),(1,'SJ','2007-09-03',789,'I',1,'0000',1,0,'T'),(1,'SJ','2007-09-04',788,'I',1,'0000',2,0,'T'),(1,'SJ','2007-09-01',786,'I',1,'0000',1,0,'T'),(1,'SJ','2007-08-31',786,'I',1,'0000',1,0,'T'),(1,'SJ','2007-08-30',786,'I',1,'0000',1,0,'T'),(1,'SJ','2007-08-29',786,'I',1,'0000',1,0,'T'),(1,'SJ','2007-08-28',786,'I',1,'0000',1,0,'T'),(1,'SJ','2007-08-27',786,'I',1,'0000',1,0,'T'),(1,'SJ','2007-11-15',784,'I',1,'0000',1,0,'T'),(1,'SJ','2007-11-14',784,'I',1,'0000',1,0,'T'),(1,'SJ','2007-11-13',784,'I',1,'0000',1,0,'T'),(1,'SJ','2007-11-12',784,'I',1,'0000',1,0,'T'),(1,'SJ','2007-11-11',784,'I',1,'0000',1,0,'T'),(1,'SJ','2007-11-10',784,'I',1,'0000',1,0,'T'),(1,'SJ','2007-11-09',784,'I',1,'0000',1,0,'T'),(1,'SJ','2007-11-08',784,'I',1,'0000',1,0,'T'),(1,'SJ','2007-11-07',784,'I',1,'0000',1,0,'T'),(1,'SJ','2007-11-06',784,'I',1,'0000',1,0,'T'),(1,'SJ','2007-11-05',784,'I',1,'0000',1,0,'T'),(1,'SJ','2007-11-04',784,'I',1,'0000',1,0,'T'),(1,'SJ','2007-11-03',784,'I',1,'0000',1,0,'T'),(1,'SJ','2007-11-02',784,'I',1,'0000',1,0,'T'),(1,'SJ','2007-08-27',769,'I',1,'0403',1,0,'T'),(1,'SJ','2007-09-12',765,'I',1,'0000',1,0,'T'),(1,'SJ','2007-10-09',740,'I',1,'0000',1,0,'T'),(1,'SJ','2007-10-08',740,'I',1,'0000',1,0,'T'),(1,'SJ','2007-10-07',740,'I',1,'0000',1,0,'T'),(1,'SJ','2007-08-23',723,'I',1,'0000',1,0,'T'),(1,'SJ','2007-08-22',723,'I',1,'0000',1,0,'T'),(1,'SJ','2007-09-10',712,'I',1,'0000',1,0,'T'),(1,'SJ','2007-12-20',686,'I',1,'0000',3,0,'T'),(1,'SJ','2007-12-19',686,'I',1,'0000',3,0,'T'),(1,'SJ','2007-12-18',686,'I',1,'0000',3,0,'T'),(1,'SJ','2007-12-17',686,'I',1,'0000',3,0,'T'),(1,'SJ','2007-12-16',686,'I',1,'0000',3,0,'T'),(1,'SJ','2007-12-15',686,'I',1,'0000',3,0,'T'),(1,'SJ','2007-08-28',665,'I',1,'0000',1,0,'T'),(1,'SJ','2007-08-24',665,'I',1,'0000',1,0,'T'),(1,'SJ','2007-08-31',664,'I',1,'0000',1,0,'T'),(1,'SJ','2007-08-30',664,'I',1,'0000',1,0,'T'),(1,'SJ','2007-08-29',664,'I',1,'0000',1,0,'T'),(1,'SJ','2007-08-28',664,'I',1,'0000',1,0,'T'),(1,'SJ','2007-08-27',664,'I',1,'0000',1,0,'T'),(1,'SJ','2007-08-26',664,'I',1,'0000',1,0,'T'),(1,'SJ','2007-08-25',664,'I',1,'0000',1,0,'T'),(1,'SJ','2007-08-24',664,'I',1,'0000',1,0,'T'),(1,'SJ','2007-09-07',660,'I',1,'0000',1,0,'T'),(1,'SJ','2007-09-06',660,'I',1,'0000',1,0,'T'),(1,'SJ','2007-09-20',653,'I',1,'0000',1,0,'T'),(1,'SJ','2007-09-19',653,'I',1,'0000',1,0,'T'),(1,'SJ','2007-09-18',653,'I',1,'0000',1,0,'T'),(1,'SJ','2007-09-17',653,'I',1,'0000',1,0,'T'),(1,'SJ','2007-09-16',653,'I',1,'0000',1,0,'T'),(1,'SJ','2007-08-12',605,'I',1,'0000',1,0,'T'),(1,'SJ','2007-08-13',604,'I',1,'0000',1,0,'T'),(1,'SJ','2007-08-10',597,'I',1,'0000',1,0,'T'),(1,'SJ','2007-09-15',592,'I',1,'0000',1,0,'T'),(1,'SJ','2007-09-15',591,'I',1,'0000',1,0,'T'),(1,'SJ','2007-09-15',590,'I',1,'0000',1,0,'T'),(1,'SJ','2007-09-10',589,'I',1,'0000',1,0,'T'),(1,'SJ','2007-09-10',588,'I',1,'0000',1,0,'T'),(1,'SJ','2007-09-02',585,'I',1,'0000',1,0,'T'),(1,'SJ','2007-09-01',585,'I',1,'0000',1,0,'T'),(1,'SJ','2007-09-02',584,'I',1,'0000',1,0,'T'),(1,'SJ','2007-09-01',584,'I',1,'0000',1,0,'T'),(1,'SJ','2007-08-12',549,'I',1,'0000',1,0,'T'),(1,'SJ','2007-08-11',549,'I',1,'0000',1,0,'T'),(1,'SJ','2007-08-10',549,'I',1,'0000',1,0,'T'),(1,'SJ','2007-08-08',543,'I',1,'0000',1,0,'T'),(1,'SJ','2007-08-10',509,'I',1,'0000',1,0,'T'),(1,'SJ','2007-08-14',507,'I',1,'0000',1,0,'T'),(1,'SJ','2007-08-07',501,'I',1,'0000',1,0,'T'),(1,'SJ','2007-08-06',501,'I',1,'0000',1,0,'T'),(1,'SJ','2007-08-05',501,'I',1,'0000',1,0,'T'),(1,'SJ','2007-08-04',500,'I',1,'0000',1,0,'T'),(1,'SJ','2007-08-09',499,'I',1,'0000',1,0,'T'),(1,'SJ','2007-08-08',499,'I',1,'0000',1,0,'T'),(1,'SJ','2007-08-07',499,'I',1,'0000',1,0,'T'),(1,'SJ','2007-08-06',499,'I',1,'0000',1,0,'T'),(1,'SJ','2007-12-29',498,'I',1,'0000',2,0,'T'),(1,'SJ','2007-12-28',498,'I',1,'0000',2,0,'T'),(1,'SJ','2007-12-27',498,'I',1,'0000',2,0,'T'),(1,'SJ','2007-12-26',498,'I',1,'0000',2,0,'T'),(1,'SJ','2007-12-25',498,'I',1,'0000',2,0,'T'),(1,'SJ','2007-12-24',498,'I',1,'0000',2,0,'T'),(1,'SJ','2007-12-23',498,'I',1,'0000',2,0,'T'),(1,'SJ','2007-12-22',498,'I',1,'0000',2,0,'T'),(1,'SJ','2007-12-21',498,'I',1,'0000',2,0,'T'),(1,'SJ','2007-12-20',498,'I',1,'0000',2,0,'T'),(1,'SJ','2007-12-19',498,'I',1,'0000',2,0,'T'),(1,'SJ','2007-12-18',498,'I',1,'0000',2,0,'T'),(1,'SJ','2007-12-17',498,'I',1,'0000',2,0,'T'),(1,'SJ','2007-12-16',498,'I',1,'0000',2,0,'T'),(1,'SJ','2007-12-15',498,'I',1,'0000',2,0,'T'),(1,'SJ','2007-08-14',496,'I',1,'0000',1,0,'T'),(1,'SJ','2007-08-13',496,'I',1,'0000',1,0,'T'),(1,'SJ','2007-08-12',496,'I',1,'0000',1,0,'T'),(1,'SJ','2007-08-11',496,'I',1,'0000',1,0,'T'),(1,'SJ','2007-09-15',495,'I',1,'0000',1,0,'T'),(1,'SJ','2007-09-14',495,'I',1,'0000',1,0,'T'),(1,'SJ','2007-09-13',495,'I',1,'0000',1,0,'T'),(1,'SJ','2007-09-12',495,'I',1,'0000',1,0,'T'),(1,'SJ','2007-08-08',467,'I',1,'0000',1,0,'T'),(1,'SJ','2007-07-30',443,'I',1,'0000',1,0,'T'),(1,'SJ','2007-07-27',427,'I',1,'0000',3,0,'T'),(1,'SJ','2007-08-22',407,'I',1,'0000',1,0,'T'),(1,'SJ','2007-08-21',407,'I',1,'0000',1,0,'T'),(1,'SJ','2007-08-20',407,'I',1,'0000',1,0,'T'),(1,'SJ','2007-07-26',402,'I',1,'0000',1,0,'T'),(1,'SJ','2007-07-31',400,'I',1,'0000',1,0,'T'),(1,'SJ','2007-07-30',400,'I',1,'0000',1,0,'T'),(1,'SJ','2007-07-31',399,'I',1,'0000',1,0,'T'),(1,'SJ','2007-08-23',378,'I',1,'0000',2,0,'T'),(1,'SJ','2007-08-22',378,'I',1,'0000',2,0,'T'),(1,'SJ','2007-08-21',378,'I',1,'0000',2,0,'T'),(1,'SJ','2007-08-20',378,'I',1,'0000',2,0,'T'),(1,'SJ','2007-08-19',378,'I',1,'0000',2,0,'T'),(1,'SJ','2007-08-18',378,'I',1,'0000',2,0,'T'),(1,'SJ','2007-08-17',378,'I',1,'0000',2,0,'T'),(1,'SJ','2007-08-16',378,'I',1,'0000',2,0,'T'),(1,'SJ','2007-07-19',355,'I',1,'0000',1,0,'T'),(1,'SJ','2007-07-20',345,'I',1,'0000',2,0,'T'),(1,'SJ','2007-07-20',340,'I',1,'0000',2,0,'T'),(1,'SJ','2007-07-20',339,'I',1,'0000',2,0,'T'),(1,'SJ','2007-07-19',339,'I',1,'0000',2,0,'T'),(1,'SJ','2007-07-18',338,'I',1,'0000',1,0,'T'),(1,'SJ','2007-07-26',336,'I',1,'0000',1,0,'T'),(1,'SJ','2007-07-25',336,'I',1,'0000',1,0,'T'),(1,'SJ','2007-07-24',336,'I',1,'0000',1,0,'T'),(1,'SJ','2007-07-23',336,'I',1,'0000',1,0,'T'),(1,'SJ','2007-07-26',335,'I',1,'0000',1,0,'T'),(1,'SJ','2007-07-25',335,'I',1,'0000',1,0,'T'),(1,'SJ','2007-07-23',335,'I',1,'0000',1,0,'T'),(1,'SJ','2007-07-24',335,'I',1,'0000',1,0,'T'),(1,'SJ','2007-07-19',330,'I',1,'0000',1,0,'T'),(1,'SJ','2007-07-18',330,'I',1,'0000',1,0,'T'),(1,'SJ','2007-07-19',329,'I',1,'0000',1,0,'T'),(1,'SJ','2007-07-18',329,'I',1,'0000',1,0,'T'),(1,'SJ','2007-07-19',328,'I',1,'0000',1,0,'T'),(1,'SJ','2007-07-18',328,'I',1,'0000',1,0,'T'),(1,'SJ','2007-07-19',327,'I',1,'0000',1,0,'T'),(1,'SJ','2007-07-18',327,'I',1,'0000',1,0,'T'),(1,'SJ','2007-07-19',326,'I',1,'0000',1,0,'T'),(1,'SJ','2007-07-18',326,'I',1,'0000',1,0,'T'),(1,'SJ','2007-07-19',324,'I',1,'0000',1,0,'T'),(1,'SJ','2007-07-15',33,'I',1,'0000',2,0,'T'),(1,'SJ','2007-07-18',324,'I',1,'0000',1,0,'T'),(1,'SJ','2007-07-19',323,'I',1,'0000',1,0,'T'),(1,'SJ','2007-07-18',323,'I',1,'0000',1,0,'T'),(1,'SJ','2007-07-19',322,'I',1,'0000',1,0,'T'),(1,'SJ','2007-07-18',322,'I',1,'0000',1,0,'T'),(1,'SJ','2007-08-02',321,'I',1,'0000',1,0,'T'),(1,'SJ','2007-08-01',321,'I',1,'0000',1,0,'T'),(1,'SJ','2007-07-31',321,'I',1,'0000',1,0,'T'),(1,'SJ','2007-07-30',321,'I',1,'0000',1,0,'T'),(1,'SJ','2007-07-21',316,'I',1,'0000',1,0,'T'),(1,'SJ','2007-07-20',316,'I',1,'0000',1,0,'T'),(1,'SJ','2007-07-19',316,'I',1,'0000',1,0,'T'),(1,'SJ','2007-07-18',316,'I',1,'0000',1,0,'T'),(1,'SJ','2007-07-20',309,'I',1,'0000',1,0,'T'),(1,'SJ','2007-07-19',309,'I',1,'0000',1,0,'T'),(1,'SJ','2007-07-18',309,'I',1,'0000',1,0,'T'),(1,'SJ','2007-07-17',309,'I',1,'0000',1,0,'T'),(1,'SJ','2007-07-20',308,'I',1,'0000',1,0,'T'),(1,'SJ','2007-07-19',308,'I',1,'0000',1,0,'T'),(1,'SJ','2007-07-18',308,'I',1,'0000',1,0,'T'),(1,'SJ','2007-07-17',308,'I',1,'0000',1,0,'T'),(1,'SJ','2007-07-16',283,'I',1,'0000',2,0,'T'),(1,'SJ','2007-07-15',283,'I',1,'0000',2,0,'T'),(1,'SJ','2007-07-14',283,'I',1,'0000',2,0,'T'),(1,'SJ','2007-07-13',283,'I',1,'0000',2,0,'T'),(1,'SJ','2007-07-12',283,'I',1,'0000',2,0,'T'),(1,'SJ','2007-07-17',281,'I',1,'0000',2,0,'T'),(1,'SJ','2007-07-16',281,'I',1,'0000',2,0,'T'),(1,'SJ','2007-07-15',281,'I',1,'0000',2,0,'T'),(1,'SJ','2007-07-14',281,'I',1,'0000',2,0,'T'),(1,'SJ','2007-07-17',273,'I',1,'0000',1,0,'T'),(1,'SJ','2007-07-16',273,'I',1,'0000',1,0,'T'),(1,'SJ','2007-07-10',261,'I',1,'0000',2,0,'T'),(1,'SJ','2007-07-09',261,'I',1,'0000',2,0,'T'),(1,'SJ','2007-07-27',259,'I',1,'0000',10,0,'T'),(1,'SJ','2007-07-26',259,'I',1,'0000',10,0,'T'),(1,'SJ','2007-07-25',259,'I',1,'0000',10,0,'T'),(1,'SJ','2007-07-24',259,'I',1,'0000',10,0,'T'),(1,'SJ','2007-07-23',259,'I',1,'0000',10,0,'T'),(1,'SJ','2007-07-22',259,'I',1,'0000',10,0,'T'),(1,'SJ','2007-07-21',259,'I',1,'0000',10,0,'T'),(1,'SJ','2007-07-06',241,'I',1,'0404',1,0,'W'),(1,'SJ','2007-07-21',240,'I',1,'0000',2,0,'T'),(1,'SJ','2007-07-17',239,'I',1,'0000',2,0,'T'),(1,'SJ','2007-07-16',239,'I',1,'0000',2,0,'T'),(1,'SJ','2007-07-15',239,'I',1,'0000',2,0,'T'),(1,'SJ','2007-07-05',229,'I',1,'0211',1,0,'W'),(1,'SJ','2007-07-10',213,'I',1,'0000',3,0,'T'),(1,'SJ','2007-07-09',213,'I',1,'0000',3,0,'T'),(1,'SJ','2007-07-14',208,'I',1,'0000',2,0,'T'),(1,'SJ','2007-07-06',193,'I',1,'0000',1,0,'T'),(1,'SJ','2007-07-04',190,'I',1,'0203',1,0,'W'),(1,'SJ','2007-07-03',190,'I',1,'0203',1,0,'W'),(1,'SJ','2007-07-02',190,'I',1,'0203',1,0,'W'),(1,'SJ','2007-07-06',187,'I',1,'0000',1,0,'T'),(1,'SJ','2007-07-02',186,'I',1,'0603',1,0,'W'),(1,'SJ','2007-07-01',186,'I',1,'0603',1,0,'W'),(1,'SJ','2007-07-04',179,'I',1,'0406',1,0,'C'),(1,'SJ','2007-07-02',168,'I',1,'0000',1,0,'T'),(1,'SJ','2007-07-01',168,'I',1,'0000',1,0,'T'),(1,'SJ','2007-07-02',163,'I',1,'0000',1,0,'T'),(1,'SJ','2007-07-01',163,'I',1,'0000',1,0,'T'),(1,'SJ','2007-06-30',163,'I',1,'0000',1,0,'T'),(1,'SJ','2007-07-16',138,'I',1,'0000',3,0,'T'),(1,'SJ','2007-07-07',131,'I',1,'0000',1,0,'T'),(1,'SJ','2007-07-06',131,'I',1,'0000',1,0,'T'),(1,'SJ','2007-06-30',114,'I',1,'0000',1,0,'T'),(1,'SJ','2007-06-29',114,'I',1,'0000',1,0,'T'),(1,'SJ','2007-06-23',110,'I',1,'0000',1,0,'T'),(1,'SJ','2007-06-23',109,'I',1,'0000',2,0,'T'),(1,'SJ','2007-06-25',108,'I',1,'0000',1,0,'T'),(1,'SJ','2007-06-30',97,'I',1,'0000',1,0,'T'),(1,'SJ','2007-06-29',97,'I',1,'0000',1,0,'T'),(1,'SJ','2007-06-28',97,'I',1,'0000',1,0,'T'),(1,'SJ','2007-06-27',96,'I',1,'0000',1,0,'T'),(1,'SJ','2007-06-26',96,'I',1,'0000',1,0,'T'),(1,'SJ','2007-06-25',96,'I',1,'0000',1,0,'T'),(1,'SJ','2007-06-24',96,'I',1,'0000',1,0,'T'),(1,'SJ','2007-06-28',94,'I',1,'0000',1,0,'T'),(1,'SJ','2007-06-27',94,'I',1,'0000',1,0,'T'),(1,'SJ','2007-06-26',94,'I',1,'0000',1,0,'T'),(1,'SJ','2007-06-30',90,'I',1,'0000',1,0,'T'),(1,'SJ','2007-06-29',90,'I',1,'0000',1,0,'T'),(1,'SJ','2007-06-28',90,'I',1,'0000',1,0,'T'),(1,'SJ','2007-06-27',89,'I',1,'0000',1,0,'T'),(1,'SJ','2007-06-26',89,'I',1,'0000',1,0,'T'),(1,'SJ','2007-06-25',89,'I',1,'0000',1,0,'T'),(1,'SJ','2007-06-24',89,'I',1,'0000',1,0,'T'),(1,'SJ','2007-06-23',88,'I',1,'0000',1,0,'T'),(1,'SJ','2007-06-22',88,'I',1,'0000',1,0,'T'),(1,'SJ','2007-06-21',88,'I',1,'0000',1,0,'T'),(1,'SJ','2007-06-29',86,'I',1,'0000',1,0,'T'),(1,'SJ','2007-06-30',80,'I',1,'0000',2,0,'T'),(1,'SJ','2007-06-30',74,'I',1,'0000',1,0,'T'),(1,'SJ','2007-06-26',73,'I',1,'0000',1,0,'T'),(1,'SJ','2007-07-25',56,'I',1,'0000',2,0,'T'),(1,'SJ','2007-07-25',53,'I',1,'0000',2,0,'T'),(1,'SJ','2007-07-24',53,'I',1,'0000',2,0,'T'),(1,'SJ','2007-07-25',52,'I',1,'0000',2,0,'T'),(1,'SJ','2007-07-24',52,'I',1,'0000',2,0,'T'),(1,'SJ','2007-07-21',51,'I',1,'0000',2,0,'T'),(1,'SJ','2007-07-17',48,'I',1,'0000',2,0,'T'),(1,'SJ','2007-07-16',48,'I',1,'0000',2,0,'T'),(1,'SJ','2007-07-15',48,'I',1,'0000',2,0,'T'),(1,'SJ','2007-07-03',38,'I',1,'0000',1,0,'T'),(1,'SJ','2007-11-27',2344,'I',1,'0000',1,0,'T'),(1,'SJ','2007-11-26',2344,'I',1,'0000',1,0,'T'),(1,'SJ','2007-11-25',2344,'I',1,'0000',1,0,'T'),(1,'SJ','2007-11-24',2344,'I',1,'0000',1,0,'T'),(1,'SJ','2007-11-23',2344,'I',1,'0000',1,0,'T'),(1,'SJ','2007-11-22',2344,'I',1,'0000',1,0,'T'),(1,'SJ','2007-12-05',2306,'I',1,'0000',1,0,'T'),(1,'SJ','2007-12-04',2306,'I',1,'0000',1,0,'T'),(1,'SJ','2007-12-03',2306,'I',1,'0000',1,0,'T'),(1,'SJ','2007-12-02',2306,'I',1,'0000',1,0,'T'),(1,'SJ','2007-12-01',2306,'I',1,'0000',1,0,'T'),(1,'SJ','2007-11-30',2306,'I',1,'0000',1,0,'T'),(1,'SJ','2007-12-10',2305,'I',1,'0000',1,0,'T'),(1,'SJ','2007-12-09',2305,'I',1,'0000',1,0,'T'),(1,'SJ','2007-12-08',2305,'I',1,'0000',1,0,'T'),(1,'SJ','2007-12-07',2305,'I',1,'0000',1,0,'T'),(1,'SJ','2007-12-06',2305,'I',1,'0000',1,0,'T'),(1,'SJ','2007-12-05',2305,'I',1,'0000',1,0,'T'),(1,'SJ','2007-12-04',2305,'I',1,'0000',1,0,'T'),(1,'SJ','2007-12-03',2305,'I',1,'0000',1,0,'T'),(1,'SJ','2007-12-02',2305,'I',1,'0000',1,0,'T'),(1,'SJ','2007-12-01',2305,'I',1,'0000',1,0,'T'),(1,'SJ','2007-11-30',2305,'I',1,'0000',1,0,'T'),(1,'SJ','2007-11-20',2304,'I',1,'0205',1,0,'C'),(1,'SJ','2007-11-19',2304,'I',1,'0205',1,0,'C'),(1,'SJ','2007-11-08',2300,'I',1,'0000',1,0,'T'),(1,'SJ','2007-11-06',2297,'I',1,'0000',1,0,'T'),(1,'SJ','2007-11-17',2291,'I',1,'0000',1,0,'T'),(1,'SJ','2007-11-16',2291,'I',1,'0000',1,0,'T'),(1,'SJ','2007-11-15',2291,'I',1,'0000',1,0,'T'),(1,'SJ','2007-11-14',2291,'I',1,'0000',1,0,'T'),(1,'SJ','2007-11-13',2291,'I',1,'0000',1,0,'T'),(1,'SJ','2007-11-12',2291,'I',1,'0000',1,0,'T'),(1,'SJ','2007-11-12',2282,'I',1,'0000',1,0,'T'),(1,'SJ','2007-11-09',2280,'I',1,'0000',1,0,'T'),(1,'SJ','2007-11-08',2280,'I',1,'0000',1,0,'T'),(1,'SJ','2007-11-07',2280,'I',1,'0000',1,0,'T'),(1,'SJ','2007-11-06',2280,'I',1,'0000',1,0,'T'),(1,'SJ','2007-11-05',2280,'I',1,'0000',1,0,'T'),(1,'SJ','2007-11-08',2278,'I',1,'0000',1,0,'T'),(1,'SJ','2007-11-08',2277,'I',1,'0000',1,0,'T'),(1,'SJ','2007-11-08',2276,'I',1,'0000',1,0,'T'),(1,'SJ','2007-11-04',2269,'I',1,'0000',1,0,'T'),(1,'SJ','2007-11-10',2259,'I',1,'0000',1,0,'T'),(1,'SJ','2007-11-09',2259,'I',1,'0000',1,0,'T'),(1,'SJ','2007-12-19',2247,'I',1,'0000',2,0,'T'),(1,'SJ','2007-11-03',1172,'I',1,'0409',1,0,'T'),(1,'SJ','2007-11-02',1172,'I',1,'0409',1,0,'T'),(1,'SJ','2007-10-10',1131,'I',1,'0605',1,0,'T'),(1,'SJ','2007-11-04',1125,'I',1,'0000',1,0,'T'),(1,'SJ','2007-11-03',1125,'I',1,'0000',1,0,'T'),(1,'SJ','2007-10-15',1114,'I',1,'0000',1,0,'T'),(1,'SJ','2007-10-11',1110,'I',1,'0000',1,0,'T'),(1,'SJ','2007-08-24',378,'I',1,'0000',2,0,'T'),(1,'SJ','2007-08-25',378,'I',1,'0000',2,0,'T'),(1,'SJ','2007-07-30',399,'I',1,'0000',1,0,'T'),(1,'SJ','2007-01-10',2604,'I',1,'0000',1,0,'T'),(1,'SJ','2007-01-11',2604,'I',1,'0000',1,0,'T'),(1,'SJ','2007-01-12',2604,'I',1,'0000',1,0,'T'),(1,'SJ','2007-07-04',2855,'I',1,'0406',1,0,'C'),(1,'SJ','2007-07-05',2855,'I',1,'0406',1,0,'C'),(1,'SJ','2007-06-29',5127,'I',1,'0000',2,0,'T'),(1,'SJ','2007-06-29',5128,'I',1,'0000',2,0,'T'),(1,'SJ','2007-05-24',5131,'I',1,'0000',1,0,'T'),(1,'SJ','2007-05-25',5131,'I',1,'0000',1,0,'T'),(1,'SJ','2007-05-26',5131,'I',1,'0000',1,0,'T'),(1,'SJ','2007-05-27',5131,'I',1,'0000',1,0,'T'),(1,'SJ','2007-05-28',5131,'I',1,'0000',1,0,'T'),(1,'SJ','2007-05-29',5131,'I',1,'0000',1,0,'T'),(1,'SJ','2007-05-30',5131,'I',1,'0000',1,0,'T'),(1,'SJ','2007-06-27',5136,'I',1,'0000',2,0,'T'),(1,'SJ','2007-06-28',5136,'I',1,'0000',2,0,'T'),(1,'SJ','2007-06-29',5136,'I',1,'0000',2,0,'T'),(1,'SJ','2007-07-15',10,'I',1,'0000',2,0,'C'),(1,'SJ','2007-12-11',5137,'I',1,'0000',1,0,'T'),(1,'SJ','2007-12-12',5137,'I',1,'0000',1,0,'T'),(1,'SJ','2007-12-03',5138,'I',1,'0304',3,0,'C'),(1,'SJ','2007-12-03',5139,'I',1,'',2,0,'C'),(1,'SJ','2007-12-03',5142,'I',1,'',1,0,'C'),(1,'SJ','2007-12-03',5143,'I',1,'5143',1,0,'C'),(1,'SJ','2007-10-18',5144,'I',1,'5144',1,0,'T'),(1,'SJ','2007-10-17',5144,'I',1,'5144',1,0,'T'),(1,'SJ','2007-10-16',5144,'I',1,'5144',1,0,'T'),(1,'SJ','2007-10-15',5144,'I',1,'5144',1,0,'T'),(1,'SJ','2007-12-03',5143,'I',1,'5143',1,0,'C'),(1,'SJ','2007-12-03',5143,'I',1,'5143',1,0,'C'),(1,'SJ','2007-10-15',5144,'I',1,'5144',1,0,'T'),(1,'SJ','2007-10-16',5144,'I',1,'5144',1,0,'T'),(1,'SJ','2007-10-17',5144,'I',1,'5144',1,0,'T'),(1,'SJ','2007-10-18',5144,'I',1,'5144',1,0,'T'),(1,'SJ','2007-10-15',5144,'I',1,'5144',1,0,'T'),(1,'SJ','2007-10-16',5144,'I',1,'5144',1,0,'T'),(1,'SJ','2007-10-17',5144,'I',1,'5144',1,0,'T'),(1,'SJ','2007-10-18',5144,'I',1,'5144',1,0,'T'),(1,'SJ','2007-10-15',5144,'I',1,'5144',1,0,'T'),(1,'SJ','2007-10-16',5144,'I',1,'5144',1,0,'T'),(1,'SJ','2007-10-17',5144,'I',1,'5144',1,0,'T'),(1,'SJ','2007-10-18',5144,'I',1,'5144',1,0,'T'),(1,'ES','2007-12-04',2548,'I',1,'',3,0,'T'),(1,'ES','2007-12-03',2548,'I',1,'',3,0,'T'),(1,'ES','2008-02-15',5163,'I',1,'0201',1,0,'T'),(1,'0','2008-02-15',5168,'I',1,'0201',1,0,'T'),(1,'0','2008-02-15',5184,'I',1,'0201',1,0,'T'),(1,'0','2008-02-15',5176,'I',1,'0201',1,0,'T'),(1,'0','2008-02-15',5183,'I',1,'0201',1,0,'T'),(1,'0','2008-02-15',5181,'I',1,'0201',1,0,'T'),(1,'0','2008-02-15',5184,'I',1,'0201',1,0,'T'),(1,'0','2008-02-15',5181,'I',1,'0201',1,0,'T'),(1,'ES','2008-02-15',5181,'I',1,'0201',1,0,'T'),(1,'0','2008-02-15',5183,'I',1,'0201',1,0,'T'),(1,'ES','2008-02-15',5183,'I',1,'0201',1,0,'T'),(1,'DB','2008-02-15',5184,'I',1,'0201',1,0,'T'),(1,'0','2008-02-15',5193,'I',1,'0201',1,0,'T'),(1,'0','2008-02-15',5192,'I',1,'0201',1,0,'T'),(1,'0','2008-02-15',5190,'I',1,'0201',1,0,'*'),(1,'0','2008-02-15',5191,'I',1,'0201',1,0,'*'),(1,'DB','2008-02-15',5192,'I',1,'0201',1,0,'T'),(1,'DB','2008-02-15',5193,'I',1,'0201',1,0,'T'),(1,'0','2008-02-15',5166,'I',1,'0201',1,0,'T'),(1,'0','2008-02-15',5163,'I',1,'0201',1,0,'T'),(1,'0','2008-02-15',5165,'I',1,'0201',1,0,'T'),(1,'0','2008-02-15',5175,'I',1,'0201',1,0,'T'),(1,'0','2008-02-15',5191,'I',1,'0201',1,0,'T'),(1,'0','2008-02-15',5190,'I',1,'0201',1,0,'T'),(1,'0','2008-02-15',5190,'I',1,'0201',1,0,'*'),(1,'0','2008-02-15',5191,'I',1,'0201',1,0,'*'),(1,'0','2008-02-15',5163,'I',1,'0201',1,0,'T');

/*Table structure for table `reservation` */

DROP TABLE IF EXISTS `reservation`;

CREATE TABLE `reservation` (
  `id` INT(4) UNSIGNED NOT NULL AUTO_INCREMENT,
  `hotelId` SMALLINT(1) UNSIGNED NOT NULL,
  `reservationType` VARCHAR(1) NOT NULL DEFAULT 'I',
  `arrival` DATE NOT NULL,
  `departure` DATE NOT NULL,
  `nights` TINYINT(3) UNSIGNED NOT NULL,
  `adults` TINYINT(3) UNSIGNED NOT NULL DEFAULT '1',
  `children` TINYINT(3) UNSIGNED DEFAULT '0',
  `roomTypeId` SMALLINT(2) NOT NULL,
  `quantity` SMALLINT(6) UNSIGNED NOT NULL DEFAULT '1',
  `roomId` VARCHAR(4) DEFAULT NULL,
  `vipCode` CHAR(1) DEFAULT '3',
  `sourceId` INT(6) UNSIGNED NOT NULL,
  `roomRate` DECIMAL(10,2) NOT NULL,
  `totalRoom` DECIMAL(10,2) NOT NULL,
  `paymentDue` DATE DEFAULT NULL,
  `paymentType` TINYINT(3) UNSIGNED DEFAULT NULL,
  `voucher` VARCHAR(10) DEFAULT NULL,
  `hotelInstructions` VARCHAR(120) DEFAULT NULL,
  `guestInstructions` VARCHAR(120) DEFAULT NULL,
  `status` CHAR(1) NOT NULL DEFAULT 'T',
  `createdBy` VARCHAR(3) DEFAULT NULL,
  `creationDate` DATETIME DEFAULT NULL,
  `updatedBy` VARCHAR(3) DEFAULT NULL,
  `lastUpdate` DATETIME DEFAULT NULL,
  PRIMARY KEY  (`id`)
) ENGINE=INNODB DEFAULT CHARSET=latin1 AVG_ROW_LENGTH=214 CHECKSUM=1 DELAY_KEY_WRITE=1 ROW_FORMAT=DYNAMIC COMMENT='Reservation Room';

/*Data for the table `reservation` */

/*Table structure for table `reservationstatus` */

DROP TABLE IF EXISTS `reservationstatus`;

CREATE TABLE `reservationstatus` (
  `id` SMALLINT(2) UNSIGNED NOT NULL AUTO_INCREMENT,
  `status` CHAR(1) DEFAULT NULL,
  `description` CHAR(15) DEFAULT NULL,
  PRIMARY KEY  (`id`)
) ENGINE=INNODB DEFAULT CHARSET=latin1 CHECKSUM=1 DELAY_KEY_WRITE=1 ROW_FORMAT=DYNAMIC COMMENT='Reservation status';

/*Data for the table `reservationstatus` */

INSERT  INTO `reservationstatus`(`status`,`description`) VALUES ('T','TENTATIVE'),('C','CONFIRMED'),('X','CANCELLED'),('B','BLOCKED'),('M','MAINTENANCE');

/*Table structure for table `reservationtype` */

DROP TABLE IF EXISTS `reservationtype`;

CREATE TABLE `reservationtype` (
  `id` SMALLINT(2) UNSIGNED NOT NULL AUTO_INCREMENT,
  `description` VARBINARY(50) DEFAULT NULL,
  PRIMARY KEY  (`id`)
) ENGINE=INNODB DEFAULT CHARSET=latin1 CHECKSUM=1 DELAY_KEY_WRITE=1 ROW_FORMAT=DYNAMIC;

/*Data for the table `reservationtype` */

INSERT  INTO `reservationtype`(`id`,`description`) VALUES (NULL,'INDIVIDUAL'),(NULL,'TOURISM'),(NULL,'CORPORATIVE');

/*Table structure for table `room` */

DROP TABLE IF EXISTS `room`;

CREATE TABLE `room` (
  `id` INT(4) UNSIGNED NOT NULL AUTO_INCREMENT,
  `hotelId` TINYINT(1) UNSIGNED NOT NULL,
  `roomTypeId` SMALLINT(2) NOT NULL,
  `roomNumber` CHAR(4) NOT NULL,
  `location` VARCHAR(50) NOT NULL,
  `description` VARCHAR(50) NOT NULL,
  `roomRate` DECIMAL(10,0) NOT NULL,
  `maxBeds` TINYINT(1) NOT NULL,
  `connection` CHAR(4) DEFAULT NULL,
  `reservationId` INT(4) DEFAULT NULL,
  `houseKeepingStatus` CHAR(1) DEFAULT NULL,
  `status` CHAR(1) NOT NULL,
  `createdBy` CHAR(3) NOT NULL,
  `creationDate` DATE NOT NULL,
  `updatedBy` CHAR(3) DEFAULT '',
  `lastUpdate` DATE DEFAULT NULL,
  PRIMARY KEY  (`id`)
) ENGINE=INNODB DEFAULT CHARSET=latin1 CHECKSUM=1 DELAY_KEY_WRITE=1 ROW_FORMAT=DYNAMIC;

/*Data for the table `room` */

INSERT  INTO `room`(`hotelId`,`id`,`roomTypeId`,`roomNumber`,`location`,`description`,`roomRate`,`maxBeds`,`connection`,`reservationId`,`houseKeepingStatus`,`status`,`createdBy`,`creationDate`,`updatedBy`,`lastUpdate`) VALUES (1,0001,2,'0101','PISO 1','VISTA INTERNA','60',2,'',5211,'V','I','','0000-00-00',NULL,NULL),(1,0002,2,'0102','PISO 1','VISTA CALLE','50',2,'',5210,'V','I','','0000-00-00',NULL,NULL),(1,0003,2,'0103','PISO 1','VISTA INTERNA','50',2,'',5209,'V','I','','0000-00-00',NULL,NULL),(1,0004,2,'0104','PISO 1','VISTA CALLE','50',2,'',0,'V','V','','0000-00-00',NULL,NULL),(1,0005,2,'0105','PISO 1','VISTA INTERNA','50',2,'',0,'V','V','','0000-00-00',NULL,NULL),(1,0006,2,'0106','PISO 1','VISTA CALLE','50',2,'',0,'V','V','','0000-00-00',NULL,NULL),(1,0007,2,'0107','PISO 1','VISTA INTERNA','50',2,'',0,'V','V','','0000-00-00',NULL,NULL),(1,0008,2,'0108','PISO 1','VISTA CALLE','50',2,'',0,'V','V','','0000-00-00',NULL,NULL),(1,0009,1,'0109','PISO 1','VISTA INTERNA','50',2,'',0,'V','V','','0000-00-00',NULL,NULL),(1,0010,1,'0110','PISO 1','VISTA CALLE','40',2,'',0,'V','V','','0000-00-00',NULL,NULL),(1,0011,2,'0201','PISO 2','VISTA INTERNA','40',2,'',0,'V','V','','0000-00-00',NULL,NULL),(1,0012,2,'0202','PISO 2','VISTA CALLE','50',2,'',0,'V','V','','0000-00-00',NULL,NULL),(1,0013,2,'0203','PISO 2','VISTA INTERNA','50',2,'',0,'V','V','','0000-00-00',NULL,NULL),(1,0014,2,'0204','PISO 2','VISTA CALLE','50',2,'',0,'V','V','','0000-00-00',NULL,NULL),(1,0015,2,'0205','PISO 2','VISTA INTERNA','50',2,'',0,'V','V','','0000-00-00',NULL,NULL),(1,0016,2,'0206','PISO 2','VISTA CALLE','50',2,'',0,'V','V','','0000-00-00',NULL,NULL),(1,0017,2,'0207','PISO 2','VISTA INTERNA','50',2,'',0,'V','V','','0000-00-00',NULL,NULL),(1,0018,2,'0208','PISO 2','VISTA CALLE','50',2,'',0,'V','V','','0000-00-00',NULL,NULL),(1,0019,1,'0209','PISO 2','VISTA INTERNA','50',2,'',0,'V','V','','0000-00-00',NULL,NULL),(1,0020,1,'0210','PISO 2','VISTA CALLE','40',2,'',0,'V','V','','0000-00-00',NULL,NULL),(1,0021,2,'0301','PISO 3','VISTA INTERNA','40',2,'',0,'V','V','','0000-00-00',NULL,NULL),(1,0022,2,'0302','PISO 3','VISTA CALLE','50',2,'',0,'V','V','','0000-00-00',NULL,NULL),(1,0023,2,'0303','PISO 3','VISTA INTERNA','50',2,'',0,'V','V','','0000-00-00',NULL,NULL),(1,0024,2,'0304','PISO 3','VISTA CALLE','50',2,'',0,'V','V','','0000-00-00',NULL,NULL),(1,0025,2,'0305','PISO 3','VISTA INTERNA','50',2,'',0,'V','V','','0000-00-00',NULL,NULL),(1,0026,2,'0306','PISO 3','VISTA CALLE','50',2,'',0,'V','V','','0000-00-00',NULL,NULL),(1,0027,2,'0307','PISO 3','VISTA INTERNA','50',2,'',0,'V','V','','0000-00-00',NULL,NULL),(1,0028,2,'0308','PISO 3','VISTA CALLE','50',2,'',0,'V','V','','0000-00-00',NULL,NULL),(1,0029,1,'0309','PISO 3','VISTA INTERNA','50',2,'',0,'V','V','','0000-00-00',NULL,NULL),(1,0030,1,'0310','PISO 3','VISTA CALLE','40',2,'',0,'V','V','','0000-00-00',NULL,NULL),(1,0031,2,'0401','PISO 4','VISTA INTERNA','40',2,'',0,'V','V','','0000-00-00',NULL,NULL),(1,0032,2,'0402','PISO 4','VISTA CALLE','50',2,'',0,'V','V','','0000-00-00',NULL,NULL),(1,0033,2,'0403','PISO 4','VISTA INTERNA','50',2,'',0,'V','V','','0000-00-00',NULL,NULL),(1,0034,2,'0404','PISO 4','VISTA CALLE','50',2,'',0,'V','V','','0000-00-00',NULL,NULL),(1,0035,2,'0405','PISO 4','VISTA INTERNA','50',2,'',0,'V','V','','0000-00-00',NULL,NULL),(1,0036,2,'0406','PISO 4','VISTA CALLE','50',2,'',0,'V','V','','0000-00-00',NULL,NULL),(1,0037,2,'0407','PISO 4','VISTA INTERNA','50',2,'',0,'V','V','','0000-00-00',NULL,NULL),(1,0038,2,'0408','PISO 4','VISTA CALLE','50',2,'',0,'V','V','','0000-00-00',NULL,NULL),(1,0039,1,'0409','PISO 4','VISTA INTERNA','50',2,'',0,'V','V','','0000-00-00',NULL,NULL),(1,0040,1,'0410','PISO 4','VISTA CALLE','40',2,'',0,'V','V','','0000-00-00',NULL,NULL),(1,0041,2,'0501','PISO 5','VISTA INTERNA','40',2,'',0,'V','V','','0000-00-00',NULL,NULL),(1,0042,2,'0502','PISO 5','VISTA CALLE','50',2,'',0,'V','V','','0000-00-00',NULL,NULL),(1,0043,2,'0503','PISO 5','VISTA INTERNA','50',2,'',0,'V','V','','0000-00-00',NULL,NULL),(1,0044,2,'0504','PISO 5','VISTA CALLE','50',2,'',0,'V','V','','0000-00-00',NULL,NULL),(1,0045,2,'0505','PISO 5','VISTA INTERNA','50',2,'',0,'V','V','','0000-00-00',NULL,NULL),(1,0046,2,'0506','PISO 5','VISTA CALLE','50',2,'',0,'V','V','','0000-00-00',NULL,NULL),(1,0047,2,'0507','PISO 5','VISTA INTERNA','50',2,'',0,'V','V','','0000-00-00',NULL,NULL),(1,0048,2,'0508','PISO 5','VISTA CALLE','50',2,'',0,'V','V','','0000-00-00',NULL,NULL),(1,0049,1,'0509','PISO 5','VISTA INTERNA','50',2,'',0,'V','V','','0000-00-00',NULL,NULL),(1,0050,1,'0510','PISO 5','VISTA CALLE','40',2,'',0,'V','V','','0000-00-00',NULL,NULL);

/*Table structure for table `roomrate` */

DROP TABLE IF EXISTS `roomrate`;

CREATE TABLE `roomrate` (
  `id` INT(4) UNSIGNED NOT NULL AUTO_INCREMENT,
  `hotelId` SMALLINT(2) UNSIGNED NOT NULL,
  `roomTypeId` SMALLINT(2) UNSIGNED NOT NULL,
  `periodId` SMALLINT(3) UNSIGNED ZEROFILL NOT NULL,
  `specialRateId` SMALLINT(2) UNSIGNED ZEROFILL NOT NULL,
  `value` DECIMAL(10,2) DEFAULT NULL,
  `createdBy` CHAR(3) DEFAULT NULL,
  `creationDate` DATE DEFAULT NULL,
  `updatedBy` CHAR(3) DEFAULT NULL,
  `lastUpdate` DATE DEFAULT NULL,
  `status` CHAR(1) DEFAULT 'A',
  PRIMARY KEY  (`id`)
) ENGINE=INNODB DEFAULT CHARSET=latin1 CHECKSUM=1 DELAY_KEY_WRITE=1 ROW_FORMAT=DYNAMIC;

/*Data for the table `roomrate` */

INSERT  INTO `roomrate`(`id`,`hotelId`,`roomTypeId`,`periodId`,`specialRateId`,`value`,`createdBy`,`creationDate`,`updatedBy`,`lastUpdate`,`status`) VALUES (NULL,1,1,001,01,'50.00','J.O','2008-07-01','J.O','2008-07-01','A'),(NULL,1,1,001,02,'40.00','J.O','2008-07-01','J.O','2008-07-01','A'),(NULL,1,2,001,01,'40.00','J.O','2008-07-01','J.O','2008-07-01','A'),(NULL,1,2,001,02,'35.00','J.O','2008-07-01','J.O','2008-07-01','A'),(NULL,1,2,002,01,'45.00','J.O','2008-07-01','J.O','2008-07-01','A'),(NULL,1,1,001,05,'50.00','JO.','2008-10-06','JO.','2008-10-06','A'),(NULL,1,1,001,04,'50.00','JO.','2008-10-06','JO.','2008-10-06','A'),(NULL,1,1,001,06,'50.00','JO.','2008-10-06',NULL,'2008-10-06','A');

/*Table structure for table `roomtypestatus` */

DROP TABLE IF EXISTS `roomtypestatus`;

CREATE TABLE `roomtypestatus` (
  `id` INT(4) UNSIGNED NOT NULL AUTO_INCREMENT,
  `hotelId` TINYINT(1) UNSIGNED NOT NULL,
  `roomType` CHAR(2) NOT NULL DEFAULT '',
  `statusDay` DATE DEFAULT NULL,
  `totalRooms` SMALLINT(3) DEFAULT NULL,
  `availableRooms` SMALLINT(6) DEFAULT NULL,
  `tentativeRooms` SMALLINT(6) DEFAULT NULL,
  `confirmedRooms` SMALLINT(6) DEFAULT NULL,
  `lockedRooms` SMALLINT(6) DEFAULT NULL,
  `maintenanceRooms` SMALLINT(6) DEFAULT NULL,
  `reservationType` CHAR(1) DEFAULT NULL COMMENT 'Individual or Group',
  PRIMARY KEY  (`id`)
) ENGINE=INNODB DEFAULT CHARSET=latin1 CHECKSUM=1 DELAY_KEY_WRITE=1 ROW_FORMAT=DYNAMIC;

/*Data for the table `roomtypestatus` */

INSERT  INTO `roomtypestatus`(`hotelId`,`roomType`,`statusDay`,`totalRooms`,`availableRooms`,`tentativeRooms`,`confirmedRooms`,`lockedRooms`,`maintenanceRooms`,`reservationType`) VALUES (1,'SJ','2007-12-01',1,0,0,0,0,0,'I');

/*Table structure for table `season` */

DROP TABLE IF EXISTS `season`;

CREATE TABLE `season` (
  `id` INT(4) UNSIGNED NOT NULL AUTO_INCREMENT,
  `hotelId` SMALLINT(2) DEFAULT NULL,
  `month` TINYINT(2) DEFAULT NULL,
  `season` CHAR(1) DEFAULT NULL,
  `status` CHAR(1) DEFAULT 'A',
  PRIMARY KEY  (`id`)
) ENGINE=INNODB DEFAULT CHARSET=latin1 CHECKSUM=1 DELAY_KEY_WRITE=1 ROW_FORMAT=DYNAMIC;

/*Data for the table `season` */

/*Table structure for table `segment` */

DROP TABLE IF EXISTS `segment`;

CREATE TABLE `segment` (
  `id` INT(4) UNSIGNED NOT NULL AUTO_INCREMENT,
  `hotelId` SMALLINT(5) UNSIGNED NOT NULL,
  `sourceId` SMALLINT(3) DEFAULT NULL,
  `description` VARCHAR(50) DEFAULT NULL,
  `createdBy` VARCHAR(3) DEFAULT NULL,
  `creationDate` DATETIME DEFAULT NULL,
  `updatedBy` VARCHAR(3) DEFAULT NULL,
  `lastUpdate` DATETIME DEFAULT NULL,
  `status` CHAR(1) DEFAULT 'A',
  PRIMARY KEY  (`id`)
) ENGINE=INNODB DEFAULT CHARSET=latin1 CHECKSUM=1 DELAY_KEY_WRITE=1 ROW_FORMAT=DYNAMIC;

/*Data for the table `segment` */

INSERT  INTO `segment`(`id`,`hotelId`,`sourceId`,`description`,`createdBy`,`creationDate`,`updatedBy`,`lastUpdate`,`status`) VALUES (NULL,1,1,'BANK & FINANCIAL',NULL,NULL,NULL,NULL,'A'),(NULL,1,02,'TRAVEL AGENT',NULL,NULL,NULL,NULL,'A'),(NULL,1,3,'LABORATORY',NULL,NULL,NULL,NULL,'A'),(NULL,1,4,'INFORMATION & TECHNOLOGY',NULL,NULL,NULL,NULL,'A'),(NULL,1,1,'Updated','JO','2008-10-07 00:00:00','JO','2008-10-07 00:00:00','*'),(NULL,1,1,'Updated','JO','2008-10-07 00:00:00','JO','2008-10-07 00:00:00','*'),(NULL,1,1,'Updated','JO','2008-10-07 00:00:00','JO','2008-10-07 00:00:00','A'),(NULL,1,1,'Updated','JO','2008-10-07 00:00:00','JO','2008-10-07 00:00:00','*');

/*Table structure for table `source` */

DROP TABLE IF EXISTS `source`;

CREATE TABLE `source` (
  `id` INT(6) UNSIGNED ZEROFILL NOT NULL AUTO_INCREMENT,
  `sourceName` VARCHAR(50) DEFAULT '',
  `commercialName` CHAR(30) DEFAULT NULL,
  `documentNumber` BIGINT(11) UNSIGNED DEFAULT NULL COMMENT 'Document of Identification',
  `address` TINYTEXT,
  `districtId` TINYINT(3) UNSIGNED DEFAULT NULL,
  `cityId` TINYINT(3) UNSIGNED DEFAULT NULL,
  `countryId` TINYINT(3) UNSIGNED DEFAULT NULL,
  `zipCode` CHAR(5) DEFAULT NULL,
  `phone1` INT(7) UNSIGNED DEFAULT NULL,
  `phone2` INT(7) UNSIGNED DEFAULT NULL,
  `segmentId` TINYINT(4) UNSIGNED DEFAULT NULL,
  `classId` TINYINT(2) DEFAULT NULL,
  `rateId` SMALLINT(4) UNSIGNED DEFAULT NULL,
  `creditType` VARCHAR(2) DEFAULT NULL COMMENT 'Credit type (C1 = 10 dias)',
  `hotelRegistration` VARCHAR(20) DEFAULT NULL,
  `createdBy` TINYINT(4) UNSIGNED DEFAULT NULL,
  `creationDate` DATE DEFAULT NULL,
  `updatedBy` SMALLINT(6) DEFAULT NULL,
  `lastUpdate` DATE DEFAULT NULL,
  `status` CHAR(1) DEFAULT NULL,
  PRIMARY KEY  (`id`)
) ENGINE=INNODB DEFAULT CHARSET=latin1 CHECKSUM=1 DELAY_KEY_WRITE=1 ROW_FORMAT=DYNAMIC;

/*Data for the table `source` */

INSERT  INTO `source`(`sourceName`,`commercialName`,`documentNumber`,`address`,`districtId`,`cityId`,`countryId`,`zipCode`,`phone1`,`phone2`,`segmentId`,`classId`,`rateId`,`creditType`,`hotelRegistration`,`createdBy`,`creationDate`,`updatedBy`,`lastUpdate`,`status`) VALUES 
('GLOBAL SOLUTIONS & TECHNOLOGIES S.A.C.','GLOBAL',20470594617,'JR. BUEN RETIRO 185 - MONTERRICO',123,1,1,'L1234',2220011,2220022,3,NULL,3,NULL,NULL,NULL,NULL,NULL,NULL,NULL),
('HOST PERU S.A.','HOST',20136424867,'AV. JORGE BASADRE 486',123,1,1,'',0,0,3,NULL,1,NULL,NULL,0,'0000-00-00',NULL,NULL,NULL),
('PARTICULAR','PARTICULAR',0,'',0,0,0,'',0,0,0,NULL,0,NULL,NULL,0,'0000-00-00',NULL,NULL,NULL),
('COMMIT S.A.','COMMIT S.A.',20134794617,'AV. JAVIER PRADO 5370',1,1,1,'',1234567,1234567,1,1,1,'1','1',0,'2008-10-03',NULL,'2008-10-03','A'),
('ASIS TP S.A.','ASIS',20134794617,'AV. JAVIER PRADO 5370',1,1,1,'',1234567,1234567,1,1,1,'1','1',0,'2008-10-03',NULL,'2008-10-03','*');

/*Table structure for table `specialrate` */

DROP TABLE IF EXISTS `specialrate`;

CREATE TABLE `specialrate` (
  `id` INT(4) UNSIGNED NOT NULL AUTO_INCREMENT,
  `hotelId` SMALLINT(2) UNSIGNED NOT NULL,
  `description` VARCHAR(20) DEFAULT NULL,
  `status` CHAR(1) DEFAULT 'A',
  PRIMARY KEY  (`id`)
) ENGINE=INNODB DEFAULT CHARSET=latin1 CHECKSUM=1 DELAY_KEY_WRITE=1 ROW_FORMAT=DYNAMIC;

/*Data for the table `specialrate` */

INSERT  INTO `specialrate`(`id`,`hotelId`,`description`,`status`) VALUES (NULL,1,'FULL RATE','A'),(NULL,1,'CONFIDENCIAL 1','A'),(NULL,1,'CONFIDENCIAL 2','A'),(NULL,1,'CONFIDENCIAL 3','A');

/*!40101 SET SQL_MODE=@OLD_SQL_MODE */;
/*!40014 SET FOREIGN_KEY_CHECKS=@OLD_FOREIGN_KEY_CHECKS */;
